"gsm","donor","cond","celltype","x","y"
"GSM7717083","PWH27","Skin","Fibroblast",-2.577871,-1.7339952
"GSM7717090","PWH28","Wound30","Fibroblast",0.18645686,-1.5638906
"GSM7717090","PWH28","Wound30","Fibroblast",3.1774726,0.6884692
"GSM7717083","PWH27","Skin","Fibroblast",-2.8911965,-1.6741349
"GSM7717090","PWH28","Wound30","Fibroblast",0.6749334,0.08067448
"GSM7717081","PWH26","Wound7","Fibroblast",1.8438175,0.117266774
"GSM7717090","PWH28","Wound30","Fibroblast",2.7864313,0.63158345
"GSM7717085","PWH27","Wound7","Fibroblast",-1.4433714,-0.89567435
"GSM7717082","PWH26","Wound30","Fibroblast",0.49411058,-1.5364481
"GSM7717087","PWH28","Skin","Fibroblast",1.6980121,-0.7228232
"GSM7717085","PWH27","Wound7","Fibroblast",0.17535274,0.7952787
"GSM7717085","PWH27","Wound7","Fibroblast",0.69733757,0.76343083
"GSM7717086","PWH27","Wound30","Fibroblast",-0.026867032,-0.05789208
"GSM7717090","PWH28","Wound30","Fibroblast",1.4187152,-0.3933851
"GSM7717085","PWH27","Wound7","Fibroblast",0.296554,0.3885383
"GSM7717085","PWH27","Wound7","Fibroblast",-3.963892,-0.20104043
"GSM7717082","PWH26","Wound30","Fibroblast",0.04413549,-1.7503607
"GSM7717079","PWH26","Skin","Fibroblast",-2.6754274,-1.098824
"GSM7717085","PWH27","Wound7","Fibroblast",-0.6071152,-0.49669483
"GSM7717082","PWH26","Wound30","Fibroblast",1.7640626,0.54593945
"GSM7717086","PWH27","Wound30","Fibroblast",2.9642086,0.13255408
"GSM7717081","PWH26","Wound7","Fibroblast",0.6894464,-0.005588247
"GSM7717090","PWH28","Wound30","Fibroblast",2.2926664,0.5045242
"GSM7717090","PWH28","Wound30","Fibroblast",2.0874977,0.3818652
"GSM7717085","PWH27","Wound7","Fibroblast",-2.9326613,-0.06326022
"GSM7717081","PWH26","Wound7","Fibroblast",0.3365869,-0.23129368
"GSM7717087","PWH28","Skin","Fibroblast",-0.4624031,-1.6965201
"GSM7717087","PWH28","Skin","Fibroblast",-0.8471331,3.6027493
"GSM7717086","PWH27","Wound30","Fibroblast",0.19173141,-2.156349
"GSM7717087","PWH28","Skin","Fibroblast",-3.649899,1.8033237
"GSM7717085","PWH27","Wound7","Fibroblast",-2.845856,2.3204744
"GSM7717087","PWH28","Skin","Fibroblast",-2.8819423,4.4798555
"GSM7717087","PWH28","Skin","Fibroblast",-2.0906112,-1.6933894
"GSM7717089","PWH28","Wound7","Fibroblast",-0.85602075,-0.6571124
"GSM7717086","PWH27","Wound30","Fibroblast",-1.4730783,0.44142038
"GSM7717090","PWH28","Wound30","Fibroblast",-0.4927964,-0.386707
"GSM7717090","PWH28","Wound30","Fibroblast",2.7471557,0.17829186
"GSM7717086","PWH27","Wound30","Fibroblast",1.7468703,0.018320037
"GSM7717082","PWH26","Wound30","Fibroblast",-2.1926332,1.3472631
"GSM7717081","PWH26","Wound7","Fibroblast",1.379923,0.3224439
"GSM7717090","PWH28","Wound30","Fibroblast",-0.38792545,-1.6498725
"GSM7717085","PWH27","Wound7","Fibroblast",0.6164458,1.4682539
"GSM7717090","PWH28","Wound30","Fibroblast",3.3563216,0.28158584
"GSM7717090","PWH28","Wound30","Fibroblast",1.5876373,0.5529764
"GSM7717082","PWH26","Wound30","Fibroblast",-2.649683,-0.98929137
"GSM7717090","PWH28","Wound30","Fibroblast",3.4766376,0.17085798
"GSM7717084","PWH27","Wound1","Fibroblast",-2.4012833,-0.23976791
"GSM7717087","PWH28","Skin","Fibroblast",2.6042666,-1.5836127
"GSM7717089","PWH28","Wound7","Fibroblast",-1.5039909,0.06680542
"GSM7717086","PWH27","Wound30","Fibroblast",0.6502085,0.23617019
"GSM7717090","PWH28","Wound30","Fibroblast",0.4459136,0.36890936
"GSM7717090","PWH28","Wound30","Fibroblast",-2.6133058,-0.51750165
"GSM7717089","PWH28","Wound7","Fibroblast",-3.1173482,2.0696611
"GSM7717085","PWH27","Wound7","Fibroblast",0.12136792,1.1483238
"GSM7717089","PWH28","Wound7","Fibroblast",0.491435,1.3693432
"GSM7717090","PWH28","Wound30","Fibroblast",-0.47911498,0.07079714
"GSM7717082","PWH26","Wound30","Fibroblast",-0.50008506,1.0396421
"GSM7717081","PWH26","Wound7","Fibroblast",1.3086152,0.7734986
"GSM7717085","PWH27","Wound7","Fibroblast",1.2083753,0.6746847
"GSM7717080","PWH26","Wound1","Fibroblast",-2.192247,0.34119
"GSM7717085","PWH27","Wound7","Fibroblast",-3.6337614,-1.301299
"GSM7717090","PWH28","Wound30","Fibroblast",3.281626,-0.10059381
"GSM7717085","PWH27","Wound7","Fibroblast",0.8367093,0.79982764
"GSM7717079","PWH26","Skin","Fibroblast",-3.1216671,-0.4437174
"GSM7717090","PWH28","Wound30","Fibroblast",2.8888073,0.50933534
"GSM7717086","PWH27","Wound30","Fibroblast",-2.8826299,1.598246
"GSM7717090","PWH28","Wound30","Fibroblast",2.632066,0.122349404
"GSM7717086","PWH27","Wound30","Fibroblast",2.4280527,-0.16383812
"GSM7717079","PWH26","Skin","Fibroblast",-1.5425123,-0.57472605
"GSM7717089","PWH28","Wound7","Fibroblast",-3.36168,0.011544939
"GSM7717090","PWH28","Wound30","Fibroblast",-4.0906763,1.3897045
"GSM7717089","PWH28","Wound7","Fibroblast",-1.7509915,1.2404627
"GSM7717086","PWH27","Wound30","Fibroblast",3.1456025,-0.014794682
"GSM7717090","PWH28","Wound30","Fibroblast",3.1079695,0.37606788
"GSM7717089","PWH28","Wound7","Fibroblast",0.06611202,-1.2613391
"GSM7717081","PWH26","Wound7","Fibroblast",3.141367,-0.80834323
"GSM7717086","PWH27","Wound30","Fibroblast",1.3472747,-0.18671149
"GSM7717090","PWH28","Wound30","Fibroblast",1.6945803,-1.4143517
"GSM7717083","PWH27","Skin","Fibroblast",-4.210762,0.11885855
"GSM7717090","PWH28","Wound30","Fibroblast",1.293961,0.009074216
"GSM7717087","PWH28","Skin","Fibroblast",-1.8781576,-1.3947136
"GSM7717085","PWH27","Wound7","Fibroblast",-0.17904846,0.7360295
"GSM7717086","PWH27","Wound30","Fibroblast",0.40299207,0.121191256
"GSM7717090","PWH28","Wound30","Fibroblast",1.1195364,-0.030134832
"GSM7717085","PWH27","Wound7","Fibroblast",-3.612878,1.9988451
"GSM7717085","PWH27","Wound7","Fibroblast",1.4466401,0.44210643
"GSM7717090","PWH28","Wound30","Fibroblast",2.8157916,0.14458884
"GSM7717081","PWH26","Wound7","Fibroblast",-0.22434221,0.8171471
"GSM7717081","PWH26","Wound7","Fibroblast",-4.2115626,0.62860304
"GSM7717083","PWH27","Skin","Fibroblast",-2.7773683,-1.8691012
"GSM7717083","PWH27","Skin","Fibroblast",0.11546292,0.11131392
"GSM7717086","PWH27","Wound30","Fibroblast",2.6089408,-0.22416069
"GSM7717085","PWH27","Wound7","Fibroblast",-0.9764409,-0.5816163
"GSM7717090","PWH28","Wound30","Fibroblast",2.730478,0.18212639
"GSM7717085","PWH27","Wound7","Fibroblast",0.4197102,0.8980533
"GSM7717087","PWH28","Skin","Fibroblast",-2.980824,-0.15112793
"GSM7717081","PWH26","Wound7","Fibroblast",-2.281271,2.8176749
"GSM7717089","PWH28","Wound7","Fibroblast",0.65124863,-0.15753724
"GSM7717085","PWH27","Wound7","Fibroblast",-0.097514816,0.58519673
"GSM7717086","PWH27","Wound30","Fibroblast",0.9755018,-2.0523865
"GSM7717087","PWH28","Skin","Fibroblast",-2.6711605,0.8504837
"GSM7717085","PWH27","Wound7","Fibroblast",-2.296847,0.21774618
"GSM7717086","PWH27","Wound30","Fibroblast",4.179695,-0.42376214
"GSM7717081","PWH26","Wound7","Fibroblast",0.19398175,0.60473627
"GSM7717090","PWH28","Wound30","Fibroblast",-2.9990344,-0.35543314
"GSM7717086","PWH27","Wound30","Fibroblast",1.8357807,-0.242523
"GSM7717090","PWH28","Wound30","Fibroblast",3.1243694,0.117563196
"GSM7717083","PWH27","Skin","Fibroblast",-3.5057807,2.283279
"GSM7717085","PWH27","Wound7","Fibroblast",1.2113973,0.6439164
"GSM7717085","PWH27","Wound7","Fibroblast",-3.801031,2.0466895
"GSM7717086","PWH27","Wound30","Fibroblast",3.0114272,-0.26127216
"GSM7717087","PWH28","Skin","Fibroblast",-2.3008232,-0.35652512
"GSM7717085","PWH27","Wound7","Fibroblast",1.6892625,0.32198015
"GSM7717086","PWH27","Wound30","Fibroblast",2.1634045,0.10615254
"GSM7717086","PWH27","Wound30","Fibroblast",1.3899572,0.16284212
"GSM7717090","PWH28","Wound30","Fibroblast",3.2026742,0.2734356
"GSM7717083","PWH27","Skin","Fibroblast",-3.3254838,-0.8901942
"GSM7717090","PWH28","Wound30","Fibroblast",2.2269413,0.18007489
"GSM7717089","PWH28","Wound7","Fibroblast",9.768695,4.8105016
"GSM7717087","PWH28","Skin","Fibroblast",-4.2776656,-2.288986
"GSM7717085","PWH27","Wound7","Fibroblast",-0.81942004,0.4015093
"GSM7717082","PWH26","Wound30","Fibroblast",4.0052195,0.3041458
"GSM7717090","PWH28","Wound30","Fibroblast",2.9584732,0.07179252
"GSM7717079","PWH26","Skin","Fibroblast",-1.8001972,-1.6208408
"GSM7717089","PWH28","Wound7","Fibroblast",1.4265519,0.5862678
"GSM7717079","PWH26","Skin","Fibroblast",-3.3457253,-1.1940699
"GSM7717090","PWH28","Wound30","Fibroblast",3.2609122,0.04713978
"GSM7717081","PWH26","Wound7","Fibroblast",-4.035624,3.0595453
"GSM7717089","PWH28","Wound7","Fibroblast",-2.8855631,0.9413358
"GSM7717090","PWH28","Wound30","Fibroblast",2.633694,0.044642016
"GSM7717090","PWH28","Wound30","Fibroblast",2.8121502,0.16317348
"GSM7717087","PWH28","Skin","Fibroblast",-2.5591006,-2.3461199
"GSM7717079","PWH26","Skin","Fibroblast",-1.9360652,2.678317
"GSM7717084","PWH27","Wound1","Fibroblast",-2.027562,0.10195134
"GSM7717087","PWH28","Skin","Fibroblast",-1.3854488,-2.523936
"GSM7717079","PWH26","Skin","Fibroblast",-0.35436013,-1.235916
"GSM7717080","PWH26","Wound1","Fibroblast",-1.2039219,2.4454017
"GSM7717087","PWH28","Skin","Fibroblast",-2.6915586,-1.0326676
"GSM7717085","PWH27","Wound7","Fibroblast",-0.03336092,1.4149028
"GSM7717086","PWH27","Wound30","Fibroblast",3.4222908,0.07928614
"GSM7717086","PWH27","Wound30","Fibroblast",-1.8957729,1.4145771
"GSM7717090","PWH28","Wound30","Fibroblast",3.294522,0.068182796
"GSM7717086","PWH27","Wound30","Fibroblast",2.597416,0.110331
"GSM7717085","PWH27","Wound7","Fibroblast",-3.2628453,-0.20091625
"GSM7717079","PWH26","Skin","Fibroblast",-3.4581296,-1.7855368
"GSM7717083","PWH27","Skin","Fibroblast",-1.4412792,-1.9528396
"GSM7717086","PWH27","Wound30","Fibroblast",-3.4633324,2.1703022
"GSM7717086","PWH27","Wound30","Fibroblast",-2.199175,-0.838408
"GSM7717086","PWH27","Wound30","Fibroblast",0.07135574,-0.29940242
"GSM7717089","PWH28","Wound7","Fibroblast",-1.1436219,-0.5984946
"GSM7717087","PWH28","Skin","Fibroblast",6.8944483,9.682429
"GSM7717086","PWH27","Wound30","Fibroblast",-0.9202811,0.35150358
"GSM7717086","PWH27","Wound30","Fibroblast",2.8936658,0.09335466
"GSM7717085","PWH27","Wound7","Fibroblast",0.14383897,0.55232984
"GSM7717090","PWH28","Wound30","Fibroblast",2.9177303,0.39379695
"GSM7717090","PWH28","Wound30","Fibroblast",-0.3105724,0.5025689
"GSM7717090","PWH28","Wound30","Fibroblast",-1.9330562,-0.49702358
"GSM7717079","PWH26","Skin","Fibroblast",-2.631116,-1.1430948
"GSM7717081","PWH26","Wound7","Fibroblast",-3.1583,3.0882118
"GSM7717081","PWH26","Wound7","Fibroblast",-0.72925025,1.1252264
"GSM7717086","PWH27","Wound30","Fibroblast",2.377567,-0.35694987
"GSM7717090","PWH28","Wound30","Fibroblast",-2.0721843,-0.0038989962
"GSM7717090","PWH28","Wound30","Fibroblast",2.7995486,0.060099576
"GSM7717085","PWH27","Wound7","Fibroblast",-0.34552217,0.8008463
"GSM7717087","PWH28","Skin","Fibroblast",-1.9557327,-1.7409225
"GSM7717085","PWH27","Wound7","Fibroblast",2.9393117,-0.13384114
"GSM7717082","PWH26","Wound30","Fibroblast",1.8952956,0.29014382
"GSM7717090","PWH28","Wound30","Fibroblast",-2.3426409,0.20195304
"GSM7717081","PWH26","Wound7","Fibroblast",2.2895775,-0.29995245
"GSM7717090","PWH28","Wound30","Fibroblast",3.3471572,-0.008430606
"GSM7717084","PWH27","Wound1","Fibroblast",-1.9141715,-0.5441452
"GSM7717090","PWH28","Wound30","Fibroblast",2.6933818,0.22185013
"GSM7717090","PWH28","Wound30","Fibroblast",2.4227183,-0.07416831
"GSM7717084","PWH27","Wound1","Fibroblast",-2.9042428,0.39548296
"GSM7717090","PWH28","Wound30","Fibroblast",2.9859776,0.09032005
"GSM7717087","PWH28","Skin","Fibroblast",-3.8081088,-0.27486977
"GSM7717079","PWH26","Skin","Fibroblast",-1.969851,-0.99991053
"GSM7717087","PWH28","Skin","Fibroblast",-2.1499228,-0.43649727
"GSM7717081","PWH26","Wound7","Fibroblast",-1.2718716,0.2760292
"GSM7717086","PWH27","Wound30","Fibroblast",2.8572528,0.16605423
"GSM7717090","PWH28","Wound30","Fibroblast",3.526241,0.041104134
"GSM7717084","PWH27","Wound1","Fibroblast",-0.4701183,1.5517257
"GSM7717083","PWH27","Skin","Fibroblast",-2.7476692,-1.6058745
"GSM7717086","PWH27","Wound30","Fibroblast",0.61044395,-1.212142
"GSM7717090","PWH28","Wound30","Fibroblast",3.173762,0.5710508
"GSM7717079","PWH26","Skin","Fibroblast",-2.7918503,1.115771
"GSM7717086","PWH27","Wound30","Fibroblast",2.764581,-0.48362356
"GSM7717084","PWH27","Wound1","Fibroblast",-2.1498542,-0.5743817
"GSM7717086","PWH27","Wound30","Fibroblast",3.4625664,0.35261643
"GSM7717082","PWH26","Wound30","Fibroblast",2.0558424,-0.107034095
"GSM7717087","PWH28","Skin","Fibroblast",-3.1253827,-1.6649051
"GSM7717084","PWH27","Wound1","Fibroblast",-2.9889712,2.7316506
"GSM7717090","PWH28","Wound30","Fibroblast",2.159085,-0.24204087
"GSM7717081","PWH26","Wound7","Fibroblast",-3.5061073,-0.40358636
"GSM7717090","PWH28","Wound30","Fibroblast",2.9649837,0.34648898
"GSM7717081","PWH26","Wound7","Fibroblast",-3.3144395,-0.65705353
"GSM7717079","PWH26","Skin","Fibroblast",-3.5533476,-1.8090123
"GSM7717090","PWH28","Wound30","Fibroblast",3.143405,0.23258638
"GSM7717087","PWH28","Skin","Fibroblast",-4.00353,1.9483864
"GSM7717079","PWH26","Skin","Fibroblast",-3.544544,0.81106234
"GSM7717086","PWH27","Wound30","Fibroblast",2.7545183,-0.26793888
"GSM7717080","PWH26","Wound1","Fibroblast",-2.6350036,-1.5226742
"GSM7717082","PWH26","Wound30","Fibroblast",2.0124154,0.019171594
"GSM7717087","PWH28","Skin","Fibroblast",-2.0099366,-1.3074074
"GSM7717082","PWH26","Wound30","Fibroblast",3.0101266,0.11046286
"GSM7717090","PWH28","Wound30","Fibroblast",2.7647996,0.08046844
"GSM7717087","PWH28","Skin","Fibroblast",-2.7084057,-1.6256655
"GSM7717085","PWH27","Wound7","Fibroblast",-0.19482169,1.4540098
"GSM7717086","PWH27","Wound30","Fibroblast",-0.40283287,-0.11379438
"GSM7717090","PWH28","Wound30","Fibroblast",2.8834295,0.116196185
"GSM7717086","PWH27","Wound30","Fibroblast",3.972774,-0.036785714
"GSM7717084","PWH27","Wound1","Fibroblast",-1.1723405,2.6905582
"GSM7717081","PWH26","Wound7","Fibroblast",2.2041483,-0.010650025
"GSM7717085","PWH27","Wound7","Fibroblast",-3.4558709,1.9760143
"GSM7717081","PWH26","Wound7","Fibroblast",0.121022455,1.5717577
"GSM7717087","PWH28","Skin","Fibroblast",-1.9537718,-0.43616822
"GSM7717085","PWH27","Wound7","Fibroblast",1.0174187,-0.08455959
"GSM7717081","PWH26","Wound7","Fibroblast",3.9442384,-0.24246128
"GSM7717090","PWH28","Wound30","Fibroblast",3.144931,0.083822146
"GSM7717090","PWH28","Wound30","Fibroblast",2.9516404,0.1574729
"GSM7717085","PWH27","Wound7","Fibroblast",1.6305863,0.09057065
"GSM7717082","PWH26","Wound30","Fibroblast",2.60468,-0.0926261
"GSM7717084","PWH27","Wound1","Fibroblast",0.5828036,3.0086772
"GSM7717090","PWH28","Wound30","Fibroblast",1.5945203,0.47733244
"GSM7717090","PWH28","Wound30","Fibroblast",2.5544918,-0.09786547
"GSM7717085","PWH27","Wound7","Fibroblast",-0.25817552,0.5678314
"GSM7717087","PWH28","Skin","Fibroblast",-3.4562337,-1.9055237
"GSM7717086","PWH27","Wound30","Fibroblast",1.0322877,-0.5164738
"GSM7717089","PWH28","Wound7","Fibroblast",-1.0265895,0.049060844
"GSM7717089","PWH28","Wound7","Fibroblast",1.4690716,6.364952
"GSM7717084","PWH27","Wound1","Fibroblast",-2.909247,-0.39839157
"GSM7717086","PWH27","Wound30","Fibroblast",3.3984962,-0.16421348
"GSM7717087","PWH28","Skin","Fibroblast",-3.8338408,1.6021266
"GSM7717086","PWH27","Wound30","Fibroblast",2.2870564,-0.019882835
"GSM7717085","PWH27","Wound7","Fibroblast",-3.1155558,1.6060133
"GSM7717090","PWH28","Wound30","Fibroblast",3.0467882,0.025572836
"GSM7717086","PWH27","Wound30","Fibroblast",1.7160391,-0.65134203
"GSM7717079","PWH26","Skin","Fibroblast",-2.6037776,-1.4203502
"GSM7717086","PWH27","Wound30","Fibroblast",2.279045,-0.18050127
"GSM7717090","PWH28","Wound30","Fibroblast",2.0330064,0.30577162
"GSM7717086","PWH27","Wound30","Fibroblast",2.6465783,-0.1587402
"GSM7717090","PWH28","Wound30","Fibroblast",2.8596563,0.17879596
"GSM7717089","PWH28","Wound7","Fibroblast",-3.0715182,0.44970608
"GSM7717081","PWH26","Wound7","Fibroblast",0.5454214,0.53096575
"GSM7717079","PWH26","Skin","Fibroblast",-1.7415915,0.92170817
"GSM7717089","PWH28","Wound7","Fibroblast",-3.746996,-0.8574244
"GSM7717086","PWH27","Wound30","Fibroblast",1.9237452,-0.03602646
"GSM7717086","PWH27","Wound30","Fibroblast",2.7896752,0.20150328
"GSM7717090","PWH28","Wound30","Fibroblast",1.1945509,0.29522642
"GSM7717081","PWH26","Wound7","Fibroblast",0.622258,-0.6329863
"GSM7717082","PWH26","Wound30","Fibroblast",3.322461,-0.057470176
"GSM7717087","PWH28","Skin","Fibroblast",0.0053500817,-1.9886798
"GSM7717090","PWH28","Wound30","Fibroblast",2.9596212,0.22614965
"GSM7717085","PWH27","Wound7","Fibroblast",-0.11749698,1.1536514
"GSM7717089","PWH28","Wound7","Fibroblast",-1.0337296,-0.5481586
"GSM7717086","PWH27","Wound30","Fibroblast",-1.4075419,-0.34224504
"GSM7717086","PWH27","Wound30","Fibroblast",-2.1707091,0.07761635
"GSM7717090","PWH28","Wound30","Fibroblast",3.226195,0.11100493
"GSM7717087","PWH28","Skin","Fibroblast",-3.1545165,1.162601
"GSM7717087","PWH28","Skin","Fibroblast",-4.341665,0.629989
"GSM7717081","PWH26","Wound7","Fibroblast",2.738381,0.19233438
"GSM7717085","PWH27","Wound7","Fibroblast",0.20663874,0.39681494
"GSM7717079","PWH26","Skin","Fibroblast",-2.512824,-0.95222175
"GSM7717086","PWH27","Wound30","Fibroblast",2.7040434,0.002192527
"GSM7717090","PWH28","Wound30","Fibroblast",-2.8910985,-0.47356755
"GSM7717081","PWH26","Wound7","Fibroblast",1.6069448,6.6808147
"GSM7717079","PWH26","Skin","Fibroblast",-2.3016822,-1.1976583
"GSM7717085","PWH27","Wound7","Fibroblast",-0.22328474,-0.19917712
"GSM7717086","PWH27","Wound30","Fibroblast",0.6853278,-0.28139743
"GSM7717079","PWH26","Skin","Fibroblast",-2.8177557,-1.5697384
"GSM7717090","PWH28","Wound30","Fibroblast",2.8811793,0.23583871
"GSM7717085","PWH27","Wound7","Fibroblast",-1.5322181,0.56894916
"GSM7717089","PWH28","Wound7","Fibroblast",-1.6701065,0.24451612
"GSM7717089","PWH28","Wound7","Fibroblast",-1.9249959,-0.522867
"GSM7717086","PWH27","Wound30","Fibroblast",2.9774475,-0.0317463
"GSM7717090","PWH28","Wound30","Fibroblast",-1.1534278,-0.009275626
"GSM7717090","PWH28","Wound30","Fibroblast",2.2535892,-0.15013728
"GSM7717090","PWH28","Wound30","Fibroblast",3.1579826,0.8328389
"GSM7717088","PWH28","Wound1","Fibroblast",-3.9908285,1.3987131
"GSM7717090","PWH28","Wound30","Fibroblast",2.6046953,0.17049809
"GSM7717081","PWH26","Wound7","Fibroblast",0.5840528,0.96821654
"GSM7717090","PWH28","Wound30","Fibroblast",2.746726,0.34729734
"GSM7717090","PWH28","Wound30","Fibroblast",2.85728,0.0075756805
"GSM7717085","PWH27","Wound7","Fibroblast",0.025562314,0.82095784
"GSM7717090","PWH28","Wound30","Fibroblast",1.5653516,0.09891831
"GSM7717090","PWH28","Wound30","Fibroblast",1.360786,0.25366646
"GSM7717086","PWH27","Wound30","Fibroblast",1.4369339,-0.73142004
"GSM7717085","PWH27","Wound7","Fibroblast",0.41503102,0.55163264
"GSM7717087","PWH28","Skin","Fibroblast",-3.2233453,-2.4802341
"GSM7717085","PWH27","Wound7","Fibroblast",-1.2019178,0.9601255
"GSM7717086","PWH27","Wound30","Fibroblast",-1.5678163,-1.1073946
"GSM7717090","PWH28","Wound30","Fibroblast",2.8419356,0.2543996
"GSM7717079","PWH26","Skin","Fibroblast",-2.7570822,-2.031802
"GSM7717085","PWH27","Wound7","Fibroblast",1.0428464,0.08505958
"GSM7717082","PWH26","Wound30","Fibroblast",3.2731571,0.034194846
"GSM7717082","PWH26","Wound30","Fibroblast",-3.081398,-0.6601181
"GSM7717082","PWH26","Wound30","Fibroblast",1.8627564,0.10588764
"GSM7717087","PWH28","Skin","Fibroblast",-3.7358768,-1.2537799
"GSM7717086","PWH27","Wound30","Fibroblast",0.4714534,-1.2250227
"GSM7717090","PWH28","Wound30","Fibroblast",3.5778027,0.14164929
"GSM7717083","PWH27","Skin","Fibroblast",-2.6664088,-0.9702612
"GSM7717087","PWH28","Skin","Fibroblast",-2.7341022,2.3752449
"GSM7717086","PWH27","Wound30","Fibroblast",2.3977,-0.19622009
"GSM7717087","PWH28","Skin","Fibroblast",-3.9020658,0.6192462
"GSM7717079","PWH26","Skin","Fibroblast",0.44437715,-3.2269506
"GSM7717089","PWH28","Wound7","Fibroblast",-3.1587803,0.55741614
"GSM7717084","PWH27","Wound1","Fibroblast",-1.7836238,0.02817634
"GSM7717085","PWH27","Wound7","Fibroblast",0.9524743,1.2612236
"GSM7717082","PWH26","Wound30","Fibroblast",-0.72218966,0.19141938
"GSM7717085","PWH27","Wound7","Fibroblast",-1.0997427,0.7057871
"GSM7717085","PWH27","Wound7","Fibroblast",-3.3938856,0.87156296
"GSM7717085","PWH27","Wound7","Fibroblast",-1.1908976,0.051034637
"GSM7717086","PWH27","Wound30","Fibroblast",0.20030218,0.44398093
"GSM7717090","PWH28","Wound30","Fibroblast",3.2499127,0.010796939
"GSM7717086","PWH27","Wound30","Fibroblast",-0.27488732,-0.15030822
"GSM7717090","PWH28","Wound30","Fibroblast",2.628294,0.12917355
"GSM7717084","PWH27","Wound1","Fibroblast",-1.2719495,-1.219294
"GSM7717090","PWH28","Wound30","Fibroblast",3.1521046,0.27469316
"GSM7717081","PWH26","Wound7","Fibroblast",1.5491335,-0.07390756
"GSM7717086","PWH27","Wound30","Fibroblast",0.053514216,-0.42534342
"GSM7717084","PWH27","Wound1","Fibroblast",-1.488643,-0.8947569
"GSM7717087","PWH28","Skin","Fibroblast",-3.3263717,0.048098106
"GSM7717081","PWH26","Wound7","Fibroblast",2.5791893,0.07915319
"GSM7717082","PWH26","Wound30","Fibroblast",1.8301133,0.11694293
"GSM7717085","PWH27","Wound7","Fibroblast",1.6445348,0.93040997
"GSM7717090","PWH28","Wound30","Fibroblast",2.5565834,0.2660157
"GSM7717080","PWH26","Wound1","Fibroblast",-1.5891784,0.32546315
"GSM7717082","PWH26","Wound30","Fibroblast",0.087957755,0.47300664
"GSM7717088","PWH28","Wound1","Fibroblast",-2.8384612,-0.4079257
"GSM7717084","PWH27","Wound1","Fibroblast",-3.6799564,3.683554
"GSM7717086","PWH27","Wound30","Fibroblast",-0.27883348,0.8157327
"GSM7717079","PWH26","Skin","Fibroblast",-2.2111328,-2.2719066
"GSM7717086","PWH27","Wound30","Fibroblast",2.8895514,0.020132862
"GSM7717089","PWH28","Wound7","Fibroblast",-3.044221,-1.0102093
"GSM7717090","PWH28","Wound30","Fibroblast",-1.5568538,2.4610157
"GSM7717086","PWH27","Wound30","Fibroblast",-2.228802,0.28269407
"GSM7717086","PWH27","Wound30","Fibroblast",1.3413565,-0.513938
"GSM7717084","PWH27","Wound1","Fibroblast",-0.81926304,2.0656319
"GSM7717090","PWH28","Wound30","Fibroblast",3.0515387,0.21867795
"GSM7717086","PWH27","Wound30","Fibroblast",-0.26214403,-0.20520048
"GSM7717089","PWH28","Wound7","Fibroblast",-0.8646445,1.1725183
"GSM7717085","PWH27","Wound7","Fibroblast",3.0488892,-0.2545698
"GSM7717086","PWH27","Wound30","Fibroblast",1.0904757,-0.19520934
"GSM7717086","PWH27","Wound30","Fibroblast",2.451781,-0.3945928
"GSM7717085","PWH27","Wound7","Fibroblast",1.1102487,0.52435625
"GSM7717090","PWH28","Wound30","Fibroblast",2.9211102,0.23567401
"GSM7717079","PWH26","Skin","Fibroblast",-3.249,-1.0783912
"GSM7717081","PWH26","Wound7","Fibroblast",4.241551,-0.52927995
"GSM7717084","PWH27","Wound1","Fibroblast",-2.546491,-0.7102502
"GSM7717086","PWH27","Wound30","Fibroblast",1.4043512,-0.12639205
"GSM7717079","PWH26","Skin","Fibroblast",-1.9396855,-0.47505546
"GSM7717085","PWH27","Wound7","Fibroblast",1.565281,0.3034118
"GSM7717090","PWH28","Wound30","Fibroblast",3.106364,0.08485517
"GSM7717086","PWH27","Wound30","Fibroblast",0.06710175,0.13334872
"GSM7717082","PWH26","Wound30","Fibroblast",-0.2866692,-2.1314855
"GSM7717083","PWH27","Skin","Fibroblast",-2.9453042,0.32002208
"GSM7717085","PWH27","Wound7","Fibroblast",1.1926949,1.2608165
"GSM7717090","PWH28","Wound30","Fibroblast",2.4498515,-0.12368355
"GSM7717090","PWH28","Wound30","Fibroblast",3.0138087,0.34633029
"GSM7717090","PWH28","Wound30","Fibroblast",2.7694733,0.42540187
"GSM7717087","PWH28","Skin","Fibroblast",-3.4777355,-0.39851454
"GSM7717083","PWH27","Skin","Fibroblast",-2.8473182,2.6793153
"GSM7717090","PWH28","Wound30","Fibroblast",2.425671,-0.15935619
"GSM7717081","PWH26","Wound7","Fibroblast",0.38241622,0.7367705
"GSM7717086","PWH27","Wound30","Fibroblast",1.5156431,-0.5836897
"GSM7717090","PWH28","Wound30","Fibroblast",2.8558283,0.15980703
"GSM7717085","PWH27","Wound7","Fibroblast",0.60514355,0.76155
"GSM7717086","PWH27","Wound30","Fibroblast",-0.022639966,-1.4127904
"GSM7717082","PWH26","Wound30","Fibroblast",-0.8283483,0.72839904
"GSM7717082","PWH26","Wound30","Fibroblast",3.108272,0.3344266
"GSM7717086","PWH27","Wound30","Fibroblast",2.9809752,0.24354482
"GSM7717084","PWH27","Wound1","Fibroblast",-3.3398225,1.7481424
"GSM7717085","PWH27","Wound7","Fibroblast",-1.9450839,0.22105037
"GSM7717089","PWH28","Wound7","Fibroblast",-1.5470419,-1.01729
"GSM7717084","PWH27","Wound1","Fibroblast",-1.4203284,2.3310056
"GSM7717088","PWH28","Wound1","Fibroblast",-3.430224,2.4843695
"GSM7717090","PWH28","Wound30","Fibroblast",2.0329702,0.33525202
"GSM7717090","PWH28","Wound30","Fibroblast",-0.8901065,-0.028462386
"GSM7717087","PWH28","Skin","Fibroblast",-2.4643917,0.69417447
"GSM7717085","PWH27","Wound7","Fibroblast",1.2372706,0.8671817
"GSM7717082","PWH26","Wound30","Fibroblast",3.0356174,0.074582405
"GSM7717090","PWH28","Wound30","Fibroblast",2.8035004,0.83825856
"GSM7717081","PWH26","Wound7","Fibroblast",3.1552284,-0.4225161
"GSM7717089","PWH28","Wound7","Fibroblast",5.3740554,-1.036063
"GSM7717086","PWH27","Wound30","Fibroblast",-3.1537046,1.390968
"GSM7717086","PWH27","Wound30","Fibroblast",3.1344018,0.23572122
"GSM7717081","PWH26","Wound7","Fibroblast",0.011556805,-2.8980014
"GSM7717081","PWH26","Wound7","Fibroblast",1.8546802,0.37765124
"GSM7717084","PWH27","Wound1","Fibroblast",-2.4338946,2.454543
"GSM7717082","PWH26","Wound30","Fibroblast",3.2906735,0.11053122
"GSM7717090","PWH28","Wound30","Fibroblast",3.2264583,0.66546655
"GSM7717088","PWH28","Wound1","Fibroblast",-2.4146633,-0.8257028
"GSM7717084","PWH27","Wound1","Fibroblast",-1.9349808,0.38348585
"GSM7717090","PWH28","Wound30","Fibroblast",2.646942,-0.27118126
"GSM7717085","PWH27","Wound7","Fibroblast",0.72896075,1.7414705
"GSM7717081","PWH26","Wound7","Fibroblast",2.3619785,-0.3332547
"GSM7717089","PWH28","Wound7","Fibroblast",-0.5075461,0.43033656
"GSM7717090","PWH28","Wound30","Fibroblast",3.0157018,0.25730422
"GSM7717085","PWH27","Wound7","Fibroblast",0.4523199,1.2318617
"GSM7717086","PWH27","Wound30","Fibroblast",2.5105746,0.04080975
"GSM7717090","PWH28","Wound30","Fibroblast",2.212801,0.28057712
"GSM7717085","PWH27","Wound7","Fibroblast",1.5897211,-0.18545906
"GSM7717088","PWH28","Wound1","Fibroblast",-2.8116436,2.8559422
"GSM7717086","PWH27","Wound30","Fibroblast",2.7222645,0.17276904
"GSM7717086","PWH27","Wound30","Fibroblast",-1.2580184,-0.27889463
"GSM7717088","PWH28","Wound1","Fibroblast",-1.2840592,-2.7456002
"GSM7717085","PWH27","Wound7","Fibroblast",-1.533382,-0.28955194
"GSM7717085","PWH27","Wound7","Fibroblast",2.075971,0.42516875
"GSM7717085","PWH27","Wound7","Fibroblast",1.672506,0.205087
"GSM7717089","PWH28","Wound7","Fibroblast",2.2000601,-0.52312666
"GSM7717090","PWH28","Wound30","Fibroblast",0.8425535,0.02563559
"GSM7717079","PWH26","Skin","Fibroblast",-1.7496701,-2.7059422
"GSM7717089","PWH28","Wound7","Fibroblast",0.74200183,0.46536973
"GSM7717085","PWH27","Wound7","Fibroblast",1.8695022,-0.26130903
"GSM7717081","PWH26","Wound7","Fibroblast",-1.8703603,2.438386
"GSM7717090","PWH28","Wound30","Fibroblast",3.0111763,0.33959156
"GSM7717081","PWH26","Wound7","Fibroblast",2.4840286,-0.22509702
"GSM7717089","PWH28","Wound7","Fibroblast",-0.81346357,0.26312962
"GSM7717079","PWH26","Skin","Fibroblast",-3.190173,-0.18426782
"GSM7717087","PWH28","Skin","Fibroblast",-2.9155717,1.7566661
"GSM7717085","PWH27","Wound7","Fibroblast",1.5626949,0.63635325
"GSM7717086","PWH27","Wound30","Fibroblast",2.802332,-0.051485285
"GSM7717086","PWH27","Wound30","Fibroblast",2.092457,-0.12915632
"GSM7717085","PWH27","Wound7","Fibroblast",0.33164316,-1.3310033
"GSM7717083","PWH27","Skin","Fibroblast",-2.6032898,-1.8833823
"GSM7717085","PWH27","Wound7","Fibroblast",1.7254449,0.054222435
"GSM7717082","PWH26","Wound30","Fibroblast",3.0225077,0.023349965
"GSM7717089","PWH28","Wound7","Fibroblast",-2.2430537,-0.906455
"GSM7717084","PWH27","Wound1","Fibroblast",0.98434806,-0.3406729
"GSM7717085","PWH27","Wound7","Fibroblast",-1.4647353,0.076721035
"GSM7717090","PWH28","Wound30","Fibroblast",2.476072,0.3164218
"GSM7717087","PWH28","Skin","Fibroblast",-1.8369714,-0.9164345
"GSM7717086","PWH27","Wound30","Fibroblast",2.5052857,-0.37561208
"GSM7717088","PWH28","Wound1","Fibroblast",-2.7791228,2.5243094
"GSM7717090","PWH28","Wound30","Fibroblast",0.040842842,-1.66818
"GSM7717089","PWH28","Wound7","Fibroblast",-3.2381113,-1.4914366
"GSM7717081","PWH26","Wound7","Fibroblast",-1.5676658,-1.3544476
"GSM7717088","PWH28","Wound1","Fibroblast",-2.5162823,-1.1805552
"GSM7717082","PWH26","Wound30","Fibroblast",2.4885423,-2.645063
"GSM7717079","PWH26","Skin","Fibroblast",0.43761367,-1.674075
"GSM7717080","PWH26","Wound1","Fibroblast",-3.0564666,-0.6893617
"GSM7717090","PWH28","Wound30","Fibroblast",3.1328056,0.2346262
"GSM7717087","PWH28","Skin","Fibroblast",-3.1386516,1.5925816
"GSM7717086","PWH27","Wound30","Fibroblast",-2.1993153,-1.7720785
"GSM7717084","PWH27","Wound1","Fibroblast",-2.705951,3.665832
"GSM7717085","PWH27","Wound7","Fibroblast",-2.5906959,2.1484337
"GSM7717090","PWH28","Wound30","Fibroblast",-0.28157684,0.2596372
"GSM7717086","PWH27","Wound30","Fibroblast",2.5932333,-0.00644523
"GSM7717086","PWH27","Wound30","Fibroblast",-1.5655798,0.32561058
"GSM7717083","PWH27","Skin","Fibroblast",-4.635305,0.33967453
"GSM7717089","PWH28","Wound7","Fibroblast",0.12702905,-0.55297124
"GSM7717090","PWH28","Wound30","Fibroblast",3.876058,-0.120455585
"GSM7717087","PWH28","Skin","Fibroblast",-3.1824768,4.227603
"GSM7717079","PWH26","Skin","Fibroblast",-2.5211449,-1.6676085
"GSM7717087","PWH28","Skin","Fibroblast",-3.5173469,-1.661584
"GSM7717084","PWH27","Wound1","Fibroblast",0.100571506,0.64367795
"GSM7717086","PWH27","Wound30","Fibroblast",2.0734038,-0.05903303
"GSM7717079","PWH26","Skin","Fibroblast",-2.8847954,-0.50627095
"GSM7717088","PWH28","Wound1","Fibroblast",-1.5713055,1.4969348
"GSM7717086","PWH27","Wound30","Fibroblast",1.8705537,-0.19100504
"GSM7717083","PWH27","Skin","Fibroblast",-3.0028965,2.8225656
"GSM7717085","PWH27","Wound7","Fibroblast",-0.5224736,0.18786676
"GSM7717082","PWH26","Wound30","Fibroblast",-2.1982667,-0.82843596
"GSM7717090","PWH28","Wound30","Fibroblast",3.0549226,0.29072145
"GSM7717081","PWH26","Wound7","Fibroblast",-3.5007176,-0.604286
"GSM7717079","PWH26","Skin","Fibroblast",-2.8061135,-1.8523489
"GSM7717085","PWH27","Wound7","Fibroblast",0.37229708,1.0991403
"GSM7717086","PWH27","Wound30","Fibroblast",1.9163083,0.27513856
"GSM7717090","PWH28","Wound30","Fibroblast",2.599483,0.11209562
"GSM7717086","PWH27","Wound30","Fibroblast",3.7704105,-0.53599745
"GSM7717080","PWH26","Wound1","Fibroblast",-2.6644607,1.1171093
"GSM7717081","PWH26","Wound7","Fibroblast",1.7849457,0.54852134
"GSM7717083","PWH27","Skin","Fibroblast",0.2702456,-1.7234629
"GSM7717086","PWH27","Wound30","Fibroblast",-1.675884,-0.86190426
"GSM7717086","PWH27","Wound30","Fibroblast",1.415079,-0.4449728
"GSM7717090","PWH28","Wound30","Fibroblast",2.8778358,0.044486903
"GSM7717086","PWH27","Wound30","Fibroblast",2.77812,-0.028067194
"GSM7717086","PWH27","Wound30","Fibroblast",1.0611229,-0.8492458
"GSM7717087","PWH28","Skin","Fibroblast",-2.8283079,0.19400059
"GSM7717086","PWH27","Wound30","Fibroblast",2.5834582,-0.4045936
"GSM7717090","PWH28","Wound30","Fibroblast",-3.0634878,-0.7668605
"GSM7717085","PWH27","Wound7","Fibroblast",-0.16619352,0.7461944
"GSM7717085","PWH27","Wound7","Fibroblast",0.68026036,0.90613145
"GSM7717082","PWH26","Wound30","Fibroblast",-3.3397932,-0.54271895
"GSM7717086","PWH27","Wound30","Fibroblast",2.9136074,0.3366103
"GSM7717079","PWH26","Skin","Fibroblast",-2.5917308,-1.5086409
"GSM7717083","PWH27","Skin","Fibroblast",-3.7874725,-0.53266585
"GSM7717090","PWH28","Wound30","Fibroblast",2.1432643,0.49985346
"GSM7717085","PWH27","Wound7","Fibroblast",2.470945,3.0348856
"GSM7717089","PWH28","Wound7","Fibroblast",-1.494892,0.50734943
"GSM7717083","PWH27","Skin","Fibroblast",-4.2281914,1.6674185
"GSM7717081","PWH26","Wound7","Fibroblast",1.8907356,-0.17990991
"GSM7717080","PWH26","Wound1","Fibroblast",-1.3366468,1.0161244
"GSM7717079","PWH26","Skin","Fibroblast",-3.135573,-0.1719529
"GSM7717090","PWH28","Wound30","Fibroblast",-3.1358614,-0.61078155
"GSM7717083","PWH27","Skin","Fibroblast",0.16413176,-0.41530105
"GSM7717080","PWH26","Wound1","Fibroblast",-3.4979212,0.47917482
"GSM7717079","PWH26","Skin","Fibroblast",-2.3825226,-1.6312357
"GSM7717086","PWH27","Wound30","Fibroblast",3.5640955,-0.01740043
"GSM7717088","PWH28","Wound1","Fibroblast",-0.7628577,0.59024817
"GSM7717086","PWH27","Wound30","Fibroblast",3.406815,-0.04762198
"GSM7717089","PWH28","Wound7","Fibroblast",-2.3476448,-1.4997593
"GSM7717086","PWH27","Wound30","Fibroblast",0.9636069,-1.7000115
"GSM7717088","PWH28","Wound1","Fibroblast",-3.0235898,0.1714654
"GSM7717081","PWH26","Wound7","Fibroblast",-0.35990584,0.8832441
"GSM7717079","PWH26","Skin","Fibroblast",-3.3239467,-1.6934905
"GSM7717083","PWH27","Skin","Fibroblast",0.39758942,-1.6440675
"GSM7717086","PWH27","Wound30","Fibroblast",3.267674,0.025903702
"GSM7717090","PWH28","Wound30","Fibroblast",3.1940084,0.1332667
"GSM7717082","PWH26","Wound30","Fibroblast",2.0361702,-0.008824914
"GSM7717081","PWH26","Wound7","Fibroblast",-3.5691152,1.7738777
"GSM7717087","PWH28","Skin","Fibroblast",-2.6593099,0.3445904
"GSM7717081","PWH26","Wound7","Fibroblast",-3.4557085,-0.6283337
"GSM7717087","PWH28","Skin","Fibroblast",-3.9434223,-0.031533998
"GSM7717084","PWH27","Wound1","Fibroblast",-2.4824057,1.8687209
"GSM7717086","PWH27","Wound30","Fibroblast",2.6015906,0.13270004
"GSM7717084","PWH27","Wound1","Fibroblast",-2.8400507,-0.05733625
"GSM7717085","PWH27","Wound7","Fibroblast",-2.882561,0.27494404
"GSM7717081","PWH26","Wound7","Fibroblast",0.10656296,0.6491971
"GSM7717086","PWH27","Wound30","Fibroblast",3.1443448,0.3108438
"GSM7717089","PWH28","Wound7","Fibroblast",2.3676934,0.17755127
"GSM7717086","PWH27","Wound30","Fibroblast",2.467666,0.50591546
"GSM7717084","PWH27","Wound1","Fibroblast",-2.2434995,-0.64611024
"GSM7717085","PWH27","Wound7","Fibroblast",-0.8567543,1.2657104
"GSM7717085","PWH27","Wound7","Fibroblast",-3.7106814,0.8502229
"GSM7717079","PWH26","Skin","Fibroblast",-2.9043417,1.2015947
"GSM7717090","PWH28","Wound30","Fibroblast",2.9339504,0.16324915
"GSM7717079","PWH26","Skin","Fibroblast",-3.7777855,-0.34988725
"GSM7717087","PWH28","Skin","Fibroblast",-3.4745462,0.88677436
"GSM7717081","PWH26","Wound7","Fibroblast",2.63647,-0.29890236
"GSM7717090","PWH28","Wound30","Fibroblast",2.0779936,0.32233515
"GSM7717079","PWH26","Skin","Fibroblast",-2.786518,-1.6495312
"GSM7717085","PWH27","Wound7","Fibroblast",-3.7465143,-0.5550664
"GSM7717087","PWH28","Skin","Fibroblast",-2.2717128,-2.7975783
"GSM7717085","PWH27","Wound7","Fibroblast",0.22023125,1.4255213
"GSM7717083","PWH27","Skin","Fibroblast",-3.1770015,1.5321436
"GSM7717087","PWH28","Skin","Fibroblast",-2.547929,-1.5929303
"GSM7717085","PWH27","Wound7","Fibroblast",0.39310867,0.4542304
"GSM7717079","PWH26","Skin","Fibroblast",-3.7643342,-0.7846895
"GSM7717079","PWH26","Skin","Fibroblast",-1.8656579,-2.6422136
"GSM7717089","PWH28","Wound7","Fibroblast",-0.35704568,-0.29800832
"GSM7717090","PWH28","Wound30","Fibroblast",2.9137824,0.123432025
"GSM7717088","PWH28","Wound1","Fibroblast",-3.2690575,-0.62052846
"GSM7717090","PWH28","Wound30","Fibroblast",2.6320643,0.25004232
"GSM7717086","PWH27","Wound30","Fibroblast",1.4284506,0.41291183
"GSM7717087","PWH28","Skin","Fibroblast",-1.6664582,-1.6250572
"GSM7717087","PWH28","Skin","Fibroblast",-0.8100421,-1.529273
"GSM7717087","PWH28","Skin","Fibroblast",-1.6204109,-2.9025462
"GSM7717081","PWH26","Wound7","Fibroblast",-1.9901541,0.78649503
"GSM7717085","PWH27","Wound7","Fibroblast",0.67725205,0.5971123
"GSM7717086","PWH27","Wound30","Fibroblast",-1.2816306,-0.84430087
"GSM7717082","PWH26","Wound30","Fibroblast",2.4949696,0.39025077
"GSM7717085","PWH27","Wound7","Fibroblast",-0.18632802,0.04211434
"GSM7717090","PWH28","Wound30","Fibroblast",3.4993842,-0.18037724
"GSM7717081","PWH26","Wound7","Fibroblast",-3.2601488,-0.35689396
"GSM7717085","PWH27","Wound7","Fibroblast",0.42844984,1.0054712
"GSM7717086","PWH27","Wound30","Fibroblast",2.416896,-0.120469585
"GSM7717085","PWH27","Wound7","Fibroblast",-1.6057631,-0.16563477
"GSM7717090","PWH28","Wound30","Fibroblast",2.985923,0.017003361
"GSM7717089","PWH28","Wound7","Fibroblast",0.005346477,0.8962953
"GSM7717079","PWH26","Skin","Fibroblast",-2.9759643,1.3901405
"GSM7717082","PWH26","Wound30","Fibroblast",2.7066133,-0.004509886
"GSM7717082","PWH26","Wound30","Fibroblast",3.2487488,0.033637885
"GSM7717090","PWH28","Wound30","Fibroblast",2.7581127,0.83233076
"GSM7717090","PWH28","Wound30","Fibroblast",2.7503448,0.28898442
"GSM7717085","PWH27","Wound7","Fibroblast",1.6879463,1.4284087
"GSM7717086","PWH27","Wound30","Fibroblast",3.498383,-0.22316192
"GSM7717083","PWH27","Skin","Fibroblast",0.19025806,-1.5964638
"GSM7717081","PWH26","Wound7","Fibroblast",-0.46086106,0.90882987
"GSM7717090","PWH28","Wound30","Fibroblast",3.3859267,-0.07797382
"GSM7717089","PWH28","Wound7","Fibroblast",1.1023473,-1.0069624
"GSM7717086","PWH27","Wound30","Fibroblast",-1.1192377,-1.2917314
"GSM7717090","PWH28","Wound30","Fibroblast",3.0288727,0.27600157
"GSM7717086","PWH27","Wound30","Fibroblast",1.0369859,-1.3576776
"GSM7717089","PWH28","Wound7","Fibroblast",-3.1664462,2.6750069
"GSM7717086","PWH27","Wound30","Fibroblast",1.6228389,-0.2628623
"GSM7717081","PWH26","Wound7","Fibroblast",1.3965689,0.15356803
"GSM7717081","PWH26","Wound7","Fibroblast",0.19911367,0.50818187
"GSM7717085","PWH27","Wound7","Fibroblast",-3.066197,3.164025
"GSM7717088","PWH28","Wound1","Fibroblast",-2.3292484,1.4761409
"GSM7717087","PWH28","Skin","Fibroblast",-2.2488015,-1.2374598
"GSM7717085","PWH27","Wound7","Fibroblast",0.69924104,0.5324144
"GSM7717082","PWH26","Wound30","Fibroblast",-0.055501916,-1.34188
"GSM7717084","PWH27","Wound1","Fibroblast",-3.0686293,-0.33452868
"GSM7717090","PWH28","Wound30","Fibroblast",2.5553427,0.25975686
"GSM7717090","PWH28","Wound30","Fibroblast",2.6100278,0.08488029
"GSM7717079","PWH26","Skin","Fibroblast",-3.5917945,-0.3139475
"GSM7717084","PWH27","Wound1","Fibroblast",1.2014072,-0.32061842
"GSM7717090","PWH28","Wound30","Fibroblast",1.1479377,-0.29710713
"GSM7717086","PWH27","Wound30","Fibroblast",2.7831826,0.3835323
"GSM7717086","PWH27","Wound30","Fibroblast",3.9812984,0.43192655
"GSM7717086","PWH27","Wound30","Fibroblast",-0.57424814,0.14851923
"GSM7717085","PWH27","Wound7","Fibroblast",-2.4311974,0.25527686
"GSM7717089","PWH28","Wound7","Fibroblast",-1.5119206,-0.2535943
"GSM7717090","PWH28","Wound30","Fibroblast",-0.8484027,-1.7428259
"GSM7717084","PWH27","Wound1","Fibroblast",-1.1759348,4.0933986
"GSM7717090","PWH28","Wound30","Fibroblast",2.8146243,0.3262037
"GSM7717085","PWH27","Wound7","Fibroblast",-0.06897256,1.8894058
"GSM7717084","PWH27","Wound1","Fibroblast",-2.925284,0.27634287
"GSM7717086","PWH27","Wound30","Fibroblast",-4.0362153,1.3359709
"GSM7717088","PWH28","Wound1","Fibroblast",-0.7820466,1.7379231
"GSM7717085","PWH27","Wound7","Fibroblast",0.7546636,0.66352105
"GSM7717090","PWH28","Wound30","Fibroblast",2.921489,0.479688
"GSM7717081","PWH26","Wound7","Fibroblast",1.3607703,0.28394637
"GSM7717085","PWH27","Wound7","Fibroblast",3.432954,-0.0010657358
"GSM7717090","PWH28","Wound30","Fibroblast",2.9654129,0.19822958
"GSM7717087","PWH28","Skin","Fibroblast",-2.4446676,-0.09543681
"GSM7717086","PWH27","Wound30","Fibroblast",2.883943,-0.045839276
"GSM7717080","PWH26","Wound1","Fibroblast",-3.354985,1.0023775
"GSM7717090","PWH28","Wound30","Fibroblast",2.1438584,-0.50962025
"GSM7717089","PWH28","Wound7","Fibroblast",-2.8436818,0.4432509
"GSM7717086","PWH27","Wound30","Fibroblast",2.8864312,0.2217085
"GSM7717085","PWH27","Wound7","Fibroblast",-0.73617846,-0.0663502
"GSM7717086","PWH27","Wound30","Fibroblast",0.4587194,-1.6987051
"GSM7717088","PWH28","Wound1","Fibroblast",-2.1772215,0.098198205
"GSM7717090","PWH28","Wound30","Fibroblast",3.0165439,0.49701023
"GSM7717088","PWH28","Wound1","Fibroblast",-2.647672,1.8623353
"GSM7717089","PWH28","Wound7","Fibroblast",1.0519733,0.15691097
"GSM7717083","PWH27","Skin","Fibroblast",-3.335872,-0.4186863
"GSM7717083","PWH27","Skin","Fibroblast",-0.6662377,-2.0163124
"GSM7717086","PWH27","Wound30","Fibroblast",2.8444247,0.13264228
"GSM7717083","PWH27","Skin","Fibroblast",-2.4057178,-1.80613
"GSM7717090","PWH28","Wound30","Fibroblast",2.495153,0.088435955
"GSM7717082","PWH26","Wound30","Fibroblast",-2.938249,-0.012198638
"GSM7717084","PWH27","Wound1","Fibroblast",-3.5194983,2.6490853
"GSM7717086","PWH27","Wound30","Fibroblast",2.9881723,-0.028183948
"GSM7717089","PWH28","Wound7","Fibroblast",-0.96047664,-0.1483658
"GSM7717090","PWH28","Wound30","Fibroblast",0.8500466,-0.010052504
"GSM7717080","PWH26","Wound1","Fibroblast",-3.1087136,1.5337237
"GSM7717090","PWH28","Wound30","Fibroblast",3.371747,0.3201363
"GSM7717090","PWH28","Wound30","Fibroblast",3.1777456,0.24965693
"GSM7717083","PWH27","Skin","Fibroblast",-3.209631,-0.6988313
"GSM7717086","PWH27","Wound30","Fibroblast",2.9161873,0.28043586
"GSM7717085","PWH27","Wound7","Fibroblast",0.43407786,0.107473046
"GSM7717085","PWH27","Wound7","Fibroblast",-0.37190324,0.9601988
"GSM7717090","PWH28","Wound30","Fibroblast",2.9816082,0.5367964
"GSM7717086","PWH27","Wound30","Fibroblast",-0.36700585,-1.4157044
"GSM7717083","PWH27","Skin","Fibroblast",-3.4498472,0.24254003
"GSM7717081","PWH26","Wound7","Fibroblast",1.6267449,0.6025604
"GSM7717090","PWH28","Wound30","Fibroblast",2.95857,0.030715818
"GSM7717079","PWH26","Skin","Fibroblast",-2.9290395,-1.4130322
"GSM7717081","PWH26","Wound7","Fibroblast",2.139989,-1.8980194
"GSM7717087","PWH28","Skin","Fibroblast",-3.4353898,-2.7503629
"GSM7717084","PWH27","Wound1","Fibroblast",-2.6689284,-0.38867328
"GSM7717081","PWH26","Wound7","Fibroblast",-0.41093352,1.389279
"GSM7717085","PWH27","Wound7","Fibroblast",-1.738797,0.59452206
"GSM7717086","PWH27","Wound30","Fibroblast",2.6612408,0.17116849
"GSM7717079","PWH26","Skin","Fibroblast",-2.7187252,0.4590721
"GSM7717084","PWH27","Wound1","Fibroblast",-1.9533025,-0.7463733
"GSM7717090","PWH28","Wound30","Fibroblast",-3.7977707,2.3185995
"GSM7717084","PWH27","Wound1","Fibroblast",-1.445227,2.7973313
"GSM7717087","PWH28","Skin","Fibroblast",-3.3260262,-1.1979738
"GSM7717090","PWH28","Wound30","Fibroblast",2.2669454,0.39790958
"GSM7717083","PWH27","Skin","Fibroblast",-3.3779566,2.215381
"GSM7717086","PWH27","Wound30","Fibroblast",2.2037804,-0.44179526
"GSM7717090","PWH28","Wound30","Fibroblast",3.0247102,0.25751373
"GSM7717089","PWH28","Wound7","Fibroblast",-1.4347184,0.43388018
"GSM7717082","PWH26","Wound30","Fibroblast",-1.9669335,1.7401888
"GSM7717081","PWH26","Wound7","Fibroblast",1.5855472,0.29197308
"GSM7717086","PWH27","Wound30","Fibroblast",1.6138834,-0.41087332
"GSM7717085","PWH27","Wound7","Fibroblast",-0.5742624,0.9467272
"GSM7717086","PWH27","Wound30","Fibroblast",3.3811288,-0.110591486
"GSM7717086","PWH27","Wound30","Fibroblast",1.3797903,-0.7272178
"GSM7717079","PWH26","Skin","Fibroblast",-3.4674716,-1.1974243
"GSM7717086","PWH27","Wound30","Fibroblast",0.68546474,-0.31440264
"GSM7717085","PWH27","Wound7","Fibroblast",2.5727413,-0.21503669
"GSM7717082","PWH26","Wound30","Fibroblast",3.2982264,0.15705474
"GSM7717087","PWH28","Skin","Fibroblast",0.68978643,-1.3861235
"GSM7717087","PWH28","Skin","Fibroblast",-2.5551567,0.08470076
"GSM7717079","PWH26","Skin","Fibroblast",-3.4502795,-1.5616572
"GSM7717086","PWH27","Wound30","Fibroblast",2.4965143,-0.2354752
"GSM7717090","PWH28","Wound30","Fibroblast",2.7160652,1.1766561
"GSM7717090","PWH28","Wound30","Fibroblast",-1.982294,2.1788747
"GSM7717085","PWH27","Wound7","Fibroblast",0.551208,1.6201403
"GSM7717088","PWH28","Wound1","Fibroblast",-0.4601265,-1.5364416
"GSM7717086","PWH27","Wound30","Fibroblast",-1.1234642,0.98585427
"GSM7717090","PWH28","Wound30","Fibroblast",2.788935,0.25681204
"GSM7717085","PWH27","Wound7","Fibroblast",0.31206354,-2.4564948
"GSM7717083","PWH27","Skin","Fibroblast",-2.2506924,-0.058926683
"GSM7717087","PWH28","Skin","Fibroblast",-3.405055,-0.31226432
"GSM7717080","PWH26","Wound1","Fibroblast",-2.8184156,-0.5745021
"GSM7717085","PWH27","Wound7","Fibroblast",1.4221346,0.3864398
"GSM7717087","PWH28","Skin","Fibroblast",-2.6052446,-1.0568063
"GSM7717082","PWH26","Wound30","Fibroblast",3.0408795,0.0056857765
"GSM7717090","PWH28","Wound30","Fibroblast",2.735019,0.08120294
"GSM7717090","PWH28","Wound30","Fibroblast",2.9308944,0.016233591
"GSM7717090","PWH28","Wound30","Fibroblast",1.0291572,-0.90331435
"GSM7717088","PWH28","Wound1","Fibroblast",-3.7663178,2.6889153
"GSM7717085","PWH27","Wound7","Fibroblast",-0.060805216,-0.5354665
"GSM7717079","PWH26","Skin","Fibroblast",-3.2261338,-2.0261283
"GSM7717081","PWH26","Wound7","Fibroblast",-0.90775377,0.59809655
"GSM7717089","PWH28","Wound7","Fibroblast",-3.8129723,0.3446186
"GSM7717085","PWH27","Wound7","Fibroblast",0.6647112,0.4037112
"GSM7717086","PWH27","Wound30","Fibroblast",2.8665168,-0.039683476
"GSM7717081","PWH26","Wound7","Fibroblast",-3.223461,-1.7102485
"GSM7717087","PWH28","Skin","Fibroblast",-3.060566,0.02918203
"GSM7717086","PWH27","Wound30","Fibroblast",2.8515038,0.068524644
"GSM7717086","PWH27","Wound30","Fibroblast",-1.1879733,-1.1365582
"GSM7717085","PWH27","Wound7","Fibroblast",-2.2452688,0.6806523
"GSM7717087","PWH28","Skin","Fibroblast",-2.190665,-1.96666
"GSM7717089","PWH28","Wound7","Fibroblast",-0.05640827,1.0911069
"GSM7717082","PWH26","Wound30","Fibroblast",1.693961,-0.41330743
"GSM7717090","PWH28","Wound30","Fibroblast",3.3628206,-0.068189524
"GSM7717082","PWH26","Wound30","Fibroblast",-1.8480332,0.98800534
"GSM7717085","PWH27","Wound7","Fibroblast",0.9961107,0.9360039
"GSM7717082","PWH26","Wound30","Fibroblast",2.782817,0.12838282
"GSM7717089","PWH28","Wound7","Fibroblast",-3.3927252,2.3827484
"GSM7717089","PWH28","Wound7","Fibroblast",-2.6373875,2.2069187
"GSM7717090","PWH28","Wound30","Fibroblast",2.799399,-0.055045936
"GSM7717087","PWH28","Skin","Fibroblast",-3.1028018,-0.93876666
"GSM7717086","PWH27","Wound30","Fibroblast",2.8911567,0.085369885
"GSM7717085","PWH27","Wound7","Fibroblast",-0.60437644,-0.749511
"GSM7717085","PWH27","Wound7","Fibroblast",-3.4941983,0.9277864
"GSM7717086","PWH27","Wound30","Fibroblast",2.82075,0.33662006
"GSM7717082","PWH26","Wound30","Fibroblast",-2.9347596,0.753127
"GSM7717083","PWH27","Skin","Fibroblast",-3.3164754,0.28980958
"GSM7717085","PWH27","Wound7","Fibroblast",-0.7741979,0.49690947
"GSM7717088","PWH28","Wound1","Fibroblast",-1.3053988,1.706284
"GSM7717079","PWH26","Skin","Fibroblast",-2.6464183,1.6283011
"GSM7717085","PWH27","Wound7","Fibroblast",-2.804985,-0.63251674
"GSM7717088","PWH28","Wound1","Fibroblast",-0.9949151,2.7935371
"GSM7717084","PWH27","Wound1","Fibroblast",-1.8317661,-0.8522473
"GSM7717083","PWH27","Skin","Fibroblast",-2.4073396,-1.9337378
"GSM7717086","PWH27","Wound30","Fibroblast",-0.623271,-0.61650974
"GSM7717086","PWH27","Wound30","Fibroblast",2.5113766,-0.46956858
"GSM7717081","PWH26","Wound7","Fibroblast",-3.8040771,1.9428836
"GSM7717090","PWH28","Wound30","Fibroblast",3.0749931,0.24020217
"GSM7717090","PWH28","Wound30","Fibroblast",1.6436183,-0.14523229
"GSM7717081","PWH26","Wound7","Fibroblast",1.399681,0.2903826
"GSM7717085","PWH27","Wound7","Fibroblast",-2.3304157,0.13665473
"GSM7717085","PWH27","Wound7","Fibroblast",-2.685862,2.3876588
"GSM7717079","PWH26","Skin","Fibroblast",-3.5112495,-0.16233948
"GSM7717084","PWH27","Wound1","Fibroblast",-2.5563514,0.5456632
"GSM7717079","PWH26","Skin","Fibroblast",-3.11256,-1.2809006
"GSM7717086","PWH27","Wound30","Fibroblast",-0.0978309,-1.4247795
"GSM7717079","PWH26","Skin","Fibroblast",-2.8647895,-1.2385736
"GSM7717086","PWH27","Wound30","Fibroblast",2.4224963,-0.8072755
"GSM7717090","PWH28","Wound30","Fibroblast",2.6160357,0.02000366
"GSM7717090","PWH28","Wound30","Fibroblast",-2.6974852,-0.9895066
"GSM7717079","PWH26","Skin","Fibroblast",-1.4313875,0.09982042
"GSM7717086","PWH27","Wound30","Fibroblast",2.9878712,0.20768872
"GSM7717090","PWH28","Wound30","Fibroblast",3.395148,0.09004851
"GSM7717085","PWH27","Wound7","Fibroblast",-1.5669216,0.07759581
"GSM7717090","PWH28","Wound30","Fibroblast",-3.3522596,-1.3970362
"GSM7717086","PWH27","Wound30","Fibroblast",3.1773732,-0.32818067
"GSM7717084","PWH27","Wound1","Fibroblast",-2.9636137,2.3424854
"GSM7717090","PWH28","Wound30","Fibroblast",2.8003,0.011164882
"GSM7717085","PWH27","Wound7","Fibroblast",0.94929147,0.8681529
"GSM7717084","PWH27","Wound1","Fibroblast",-2.0076237,0.44918427
"GSM7717090","PWH28","Wound30","Fibroblast",1.7489535,0.16223635
"GSM7717089","PWH28","Wound7","Fibroblast",-3.6540377,-0.31071854
"GSM7717090","PWH28","Wound30","Fibroblast",-2.3746798,-0.25659552
"GSM7717085","PWH27","Wound7","Fibroblast",-0.9528407,1.394326
"GSM7717079","PWH26","Skin","Fibroblast",-3.8284452,-0.38729244
"GSM7717085","PWH27","Wound7","Fibroblast",-3.7358398,0.06344573
"GSM7717086","PWH27","Wound30","Fibroblast",-1.996583,0.2689777
"GSM7717089","PWH28","Wound7","Fibroblast",-0.73148435,-0.7727661
"GSM7717090","PWH28","Wound30","Fibroblast",2.6303835,0.35739723
"GSM7717082","PWH26","Wound30","Fibroblast",-3.4042675,0.6441117
"GSM7717082","PWH26","Wound30","Fibroblast",2.3610275,-0.07850427
"GSM7717090","PWH28","Wound30","Fibroblast",2.2999976,0.038584936
"GSM7717090","PWH28","Wound30","Fibroblast",2.8646848,0.092794895
"GSM7717090","PWH28","Wound30","Fibroblast",2.8464909,0.32899898
"GSM7717079","PWH26","Skin","Fibroblast",-2.9674683,-1.534503
"GSM7717084","PWH27","Wound1","Fibroblast",-3.805478,2.2474806
"GSM7717087","PWH28","Skin","Fibroblast",-3.063583,1.1410694
"GSM7717084","PWH27","Wound1","Fibroblast",-2.4936523,0.49322435
"GSM7717085","PWH27","Wound7","Fibroblast",-1.4301131,0.43834114
"GSM7717086","PWH27","Wound30","Fibroblast",0.9531452,0.10084763
"GSM7717090","PWH28","Wound30","Fibroblast",0.87217003,1.2548273
"GSM7717085","PWH27","Wound7","Fibroblast",0.49987975,0.43204072
"GSM7717087","PWH28","Skin","Fibroblast",-1.9948086,-2.3754964
"GSM7717085","PWH27","Wound7","Fibroblast",0.41635793,1.4009824
"GSM7717090","PWH28","Wound30","Fibroblast",3.5543303,-0.32024845
"GSM7717088","PWH28","Wound1","Fibroblast",-1.9417926,-1.2685356
"GSM7717090","PWH28","Wound30","Fibroblast",3.0196385,0.038893927
"GSM7717089","PWH28","Wound7","Fibroblast",-0.8428395,1.2758107
"GSM7717084","PWH27","Wound1","Fibroblast",0.5649004,3.7238376
"GSM7717090","PWH28","Wound30","Fibroblast",-2.4229972,-1.8558996
"GSM7717085","PWH27","Wound7","Fibroblast",0.9536614,14.099312
"GSM7717083","PWH27","Skin","Fibroblast",-2.0768185,-1.8950006
"GSM7717085","PWH27","Wound7","Fibroblast",-3.178693,0.4133157
"GSM7717084","PWH27","Wound1","Fibroblast",-3.2643924,-0.026072336
"GSM7717085","PWH27","Wound7","Fibroblast",4.4792356,-0.5969363
"GSM7717089","PWH28","Wound7","Fibroblast",2.4351304,-0.2810342
"GSM7717086","PWH27","Wound30","Fibroblast",1.4500896,0.21806836
"GSM7717090","PWH28","Wound30","Fibroblast",2.9840448,0.18033911
"GSM7717090","PWH28","Wound30","Fibroblast",2.9140778,0.027549332
"GSM7717086","PWH27","Wound30","Fibroblast",2.9888844,-0.2457446
"GSM7717086","PWH27","Wound30","Fibroblast",0.21462804,-0.28732416
"GSM7717083","PWH27","Skin","Fibroblast",-2.3852134,-1.5570614
"GSM7717090","PWH28","Wound30","Fibroblast",2.7002676,-0.19665757
"GSM7717086","PWH27","Wound30","Fibroblast",2.364978,-0.018737063
"GSM7717089","PWH28","Wound7","Fibroblast",-0.81157357,0.887338
"GSM7717086","PWH27","Wound30","Fibroblast",1.8279992,-0.16783649
"GSM7717086","PWH27","Wound30","Fibroblast",2.8947222,-0.3888387
"GSM7717082","PWH26","Wound30","Fibroblast",3.843746,0.065753214
"GSM7717090","PWH28","Wound30","Fibroblast",2.9167023,0.2968205
"GSM7717089","PWH28","Wound7","Fibroblast",0.26610413,-1.1620013
"GSM7717089","PWH28","Wound7","Fibroblast",-1.3128093,1.1987236
"GSM7717089","PWH28","Wound7","Fibroblast",0.3240651,-0.45695478
"GSM7717081","PWH26","Wound7","Fibroblast",0.63448495,0.84108174
"GSM7717083","PWH27","Skin","Fibroblast",0.9133665,0.32698104
"GSM7717086","PWH27","Wound30","Fibroblast",2.880149,-0.07081316
"GSM7717090","PWH28","Wound30","Fibroblast",2.9398742,-0.09454221
"GSM7717082","PWH26","Wound30","Fibroblast",2.7457736,0.37122992
"GSM7717086","PWH27","Wound30","Fibroblast",1.3587825,0.22594221
"GSM7717085","PWH27","Wound7","Fibroblast",1.0621074,0.53498703
"GSM7717082","PWH26","Wound30","Fibroblast",3.178516,-0.3182936
"GSM7717079","PWH26","Skin","Fibroblast",-2.3098123,0.14166544
"GSM7717086","PWH27","Wound30","Fibroblast",2.0787349,-0.13003245
"GSM7717085","PWH27","Wound7","Fibroblast",2.3120227,8.604807
"GSM7717081","PWH26","Wound7","Fibroblast",1.0812279,0.933636
"GSM7717088","PWH28","Wound1","Fibroblast",-2.791299,-0.75083816
"GSM7717089","PWH28","Wound7","Fibroblast",0.42427832,1.0710834
"GSM7717085","PWH27","Wound7","Fibroblast",0.55118567,-0.049671296
"GSM7717086","PWH27","Wound30","Fibroblast",0.013798025,-0.5081209
"GSM7717090","PWH28","Wound30","Fibroblast",-1.5849338,0.32621974
"GSM7717086","PWH27","Wound30","Fibroblast",0.17741926,0.051461592
"GSM7717084","PWH27","Wound1","Fibroblast",0.04422903,2.984667
"GSM7717081","PWH26","Wound7","Fibroblast",-3.2033513,-0.4843832
"GSM7717089","PWH28","Wound7","Fibroblast",0.08719516,1.2397684
"GSM7717090","PWH28","Wound30","Fibroblast",3.2180827,0.30217916
"GSM7717087","PWH28","Skin","Fibroblast",-3.9501643,-0.5848961
"GSM7717086","PWH27","Wound30","Fibroblast",1.1324108,-0.012255563
"GSM7717090","PWH28","Wound30","Fibroblast",3.0711005,0.07188602
"GSM7717079","PWH26","Skin","Fibroblast",-3.658044,-0.24326389
"GSM7717090","PWH28","Wound30","Fibroblast",2.7895062,0.07204604
"GSM7717084","PWH27","Wound1","Fibroblast",-1.4841615,0.92393017
"GSM7717085","PWH27","Wound7","Fibroblast",0.0075824633,1.1192839
"GSM7717086","PWH27","Wound30","Fibroblast",-1.9781666,-0.00093110965
"GSM7717084","PWH27","Wound1","Fibroblast",-3.4575274,4.8815594
"GSM7717082","PWH26","Wound30","Fibroblast",3.3773408,-0.012950373
"GSM7717090","PWH28","Wound30","Fibroblast",3.1391711,0.1950012
"GSM7717079","PWH26","Skin","Fibroblast",-2.2155936,0.9415777
"GSM7717090","PWH28","Wound30","Fibroblast",3.1122582,0.2851946
"GSM7717089","PWH28","Wound7","Fibroblast",0.57554877,2.134213
"GSM7717090","PWH28","Wound30","Fibroblast",2.2147534,-0.06497532
"GSM7717087","PWH28","Skin","Fibroblast",-4.0352025,-1.692247
"GSM7717085","PWH27","Wound7","Fibroblast",1.3703393,0.118460104
"GSM7717079","PWH26","Skin","Fibroblast",-2.7434883,-1.3187281
"GSM7717090","PWH28","Wound30","Fibroblast",2.760305,0.72878575
"GSM7717081","PWH26","Wound7","Fibroblast",0.06931525,0.24973777
"GSM7717085","PWH27","Wound7","Fibroblast",0.91043997,1.0699947
"GSM7717084","PWH27","Wound1","Fibroblast",-1.961054,2.3770466
"GSM7717089","PWH28","Wound7","Fibroblast",-0.6405857,-0.18341275
"GSM7717083","PWH27","Skin","Fibroblast",-4.0430856,1.0635437
"GSM7717082","PWH26","Wound30","Fibroblast",0.0235893,0.52074707
"GSM7717090","PWH28","Wound30","Fibroblast",-0.13826123,-1.7355486
"GSM7717082","PWH26","Wound30","Fibroblast",2.6854916,-0.010366817
"GSM7717090","PWH28","Wound30","Fibroblast",2.321743,0.28954273
"GSM7717090","PWH28","Wound30","Fibroblast",1.9533072,0.6105859
"GSM7717083","PWH27","Skin","Fibroblast",-2.1141267,0.28359678
"GSM7717079","PWH26","Skin","Fibroblast",-3.50698,1.2987891
"GSM7717088","PWH28","Wound1","Fibroblast",-2.9745927,0.5407853
"GSM7717089","PWH28","Wound7","Fibroblast",-0.2898946,0.2145344
"GSM7717085","PWH27","Wound7","Fibroblast",0.46417162,0.7843971
"GSM7717090","PWH28","Wound30","Fibroblast",2.5893629,-0.024193084
"GSM7717090","PWH28","Wound30","Fibroblast",-1.7001141,-0.0032098081
"GSM7717086","PWH27","Wound30","Fibroblast",0.319027,-2.1288085
"GSM7717085","PWH27","Wound7","Fibroblast",0.44675207,-0.20727567
"GSM7717086","PWH27","Wound30","Fibroblast",-1.8895043,0.33519086
"GSM7717086","PWH27","Wound30","Fibroblast",0.9841772,0.11878574
"GSM7717081","PWH26","Wound7","Fibroblast",1.0834165,0.25886014
"GSM7717079","PWH26","Skin","Fibroblast",-3.8367484,2.6546056
"GSM7717089","PWH28","Wound7","Fibroblast",-0.3188606,-1.37966
"GSM7717081","PWH26","Wound7","Fibroblast",1.7982663,0.95292675
"GSM7717087","PWH28","Skin","Fibroblast",-3.888422,-1.8242083
"GSM7717089","PWH28","Wound7","Fibroblast",0.00969444,-1.2157949
"GSM7717083","PWH27","Skin","Fibroblast",-2.1007118,-1.81238
"GSM7717085","PWH27","Wound7","Fibroblast",-1.204134,0.6768819
"GSM7717081","PWH26","Wound7","Fibroblast",2.5063796,-0.3377985
"GSM7717086","PWH27","Wound30","Fibroblast",3.441852,-0.040016446
"GSM7717084","PWH27","Wound1","Fibroblast",0.79574096,-0.4862807
"GSM7717081","PWH26","Wound7","Fibroblast",1.277933,-0.17840548
"GSM7717080","PWH26","Wound1","Fibroblast",-2.1803153,2.0000231
"GSM7717082","PWH26","Wound30","Fibroblast",0.13807632,-1.9760647
"GSM7717082","PWH26","Wound30","Fibroblast",-3.3766727,0.78624666
"GSM7717089","PWH28","Wound7","Fibroblast",3.2905533,-0.0656437
"GSM7717090","PWH28","Wound30","Fibroblast",3.4135392,-0.15426959
"GSM7717085","PWH27","Wound7","Fibroblast",2.2190816,0.24147053
"GSM7717087","PWH28","Skin","Fibroblast",-2.4075277,2.0016673
"GSM7717085","PWH27","Wound7","Fibroblast",-0.0543892,1.5550351
"GSM7717087","PWH28","Skin","Fibroblast",0.3701241,0.5609416
"GSM7717090","PWH28","Wound30","Fibroblast",3.1109917,0.09498403
"GSM7717087","PWH28","Skin","Fibroblast",-3.9057832,0.5998467
"GSM7717082","PWH26","Wound30","Fibroblast",3.1732023,-0.013046706
"GSM7717085","PWH27","Wound7","Fibroblast",-4.0338364,-0.47217104
"GSM7717081","PWH26","Wound7","Fibroblast",0.34053665,1.0073888
"GSM7717087","PWH28","Skin","Fibroblast",-1.9647554,0.73177403
"GSM7717081","PWH26","Wound7","Fibroblast",2.2011476,0.33352637
"GSM7717081","PWH26","Wound7","Fibroblast",0.83802307,0.71996623
"GSM7717090","PWH28","Wound30","Fibroblast",2.1674666,0.33933336
"GSM7717090","PWH28","Wound30","Fibroblast",1.7100904,0.22135662
"GSM7717082","PWH26","Wound30","Fibroblast",-4.0175695,0.4532781
"GSM7717085","PWH27","Wound7","Fibroblast",1.5360634,0.03709909
"GSM7717086","PWH27","Wound30","Fibroblast",3.2484007,0.28335702
"GSM7717086","PWH27","Wound30","Fibroblast",2.6193175,0.22989424
"GSM7717090","PWH28","Wound30","Fibroblast",1.6047122,-0.06954625
"GSM7717086","PWH27","Wound30","Fibroblast",1.5329514,-0.51995426
"GSM7717081","PWH26","Wound7","Fibroblast",4.442822,0.77111113
"GSM7717081","PWH26","Wound7","Fibroblast",-1.674009,-0.88092643
"GSM7717081","PWH26","Wound7","Fibroblast",-2.6257863,-1.0327771
"GSM7717084","PWH27","Wound1","Fibroblast",-2.1112506,-0.35579216
"GSM7717085","PWH27","Wound7","Fibroblast",-3.6186707,1.7633811
"GSM7717080","PWH26","Wound1","Fibroblast",-2.5756822,2.6751704
"GSM7717090","PWH28","Wound30","Fibroblast",1.9980116,-0.09654328
"GSM7717087","PWH28","Skin","Fibroblast",-3.0946016,3.6843004
"GSM7717087","PWH28","Skin","Fibroblast",-3.55246,0.8888078
"GSM7717090","PWH28","Wound30","Fibroblast",2.5135524,0.46019024
"GSM7717086","PWH27","Wound30","Fibroblast",2.9532835,0.28236505
"GSM7717081","PWH26","Wound7","Fibroblast",1.9200125,0.12164514
"GSM7717090","PWH28","Wound30","Fibroblast",3.0427063,0.21656772
"GSM7717090","PWH28","Wound30","Fibroblast",-3.7887352,1.6489637
"GSM7717085","PWH27","Wound7","Fibroblast",-2.729989,-0.82660913
"GSM7717083","PWH27","Skin","Fibroblast",-3.392846,-1.8313906
"GSM7717088","PWH28","Wound1","Fibroblast",-1.7100644,0.7386753
"GSM7717082","PWH26","Wound30","Fibroblast",2.2018676,0.25212133
"GSM7717082","PWH26","Wound30","Fibroblast",2.4838877,-0.06437082
"GSM7717085","PWH27","Wound7","Fibroblast",-3.5888515,1.6845604
"GSM7717081","PWH26","Wound7","Fibroblast",2.6494403,3.4996552
"GSM7717085","PWH27","Wound7","Fibroblast",-3.3574135,1.0092459
"GSM7717090","PWH28","Wound30","Fibroblast",4.3790827,-0.26505315
"GSM7717090","PWH28","Wound30","Fibroblast",-1.3853772,0.34698468
"GSM7717086","PWH27","Wound30","Fibroblast",-2.6119854,-0.51250505
"GSM7717090","PWH28","Wound30","Fibroblast",2.9353447,0.21666715
"GSM7717080","PWH26","Wound1","Fibroblast",-1.9490353,0.2595954
"GSM7717082","PWH26","Wound30","Fibroblast",-3.7494457,1.9654578
"GSM7717081","PWH26","Wound7","Fibroblast",2.364089,-0.17098929
"GSM7717090","PWH28","Wound30","Fibroblast",0.9013232,-0.014266756
"GSM7717082","PWH26","Wound30","Fibroblast",3.1303694,0.19734594
"GSM7717090","PWH28","Wound30","Fibroblast",2.0455654,0.41260377
"GSM7717090","PWH28","Wound30","Fibroblast",-3.7501683,-0.5350921
"GSM7717085","PWH27","Wound7","Fibroblast",2.9016085,-0.15355529
"GSM7717090","PWH28","Wound30","Fibroblast",-3.721744,0.40353242
"GSM7717086","PWH27","Wound30","Fibroblast",2.148766,-0.5083521
"GSM7717081","PWH26","Wound7","Fibroblast",2.9652913,0.12974027
"GSM7717090","PWH28","Wound30","Fibroblast",2.1512673,0.66719675
"GSM7717085","PWH27","Wound7","Fibroblast",0.50692606,1.6312927
"GSM7717087","PWH28","Skin","Fibroblast",1.093115,-3.3810198
"GSM7717086","PWH27","Wound30","Fibroblast",2.7343302,-0.07279691
"GSM7717081","PWH26","Wound7","Fibroblast",2.6651626,-0.15989129
"GSM7717085","PWH27","Wound7","Fibroblast",0.45843536,1.0508908
"GSM7717088","PWH28","Wound1","Fibroblast",-2.4452298,2.7549503
"GSM7717087","PWH28","Skin","Fibroblast",-3.7745907,0.9047576
"GSM7717087","PWH28","Skin","Fibroblast",-3.3773012,-0.39850804
"GSM7717084","PWH27","Wound1","Fibroblast",-0.5394996,-0.36884144
"GSM7717086","PWH27","Wound30","Fibroblast",-3.3708117,0.100506015
"GSM7717090","PWH28","Wound30","Fibroblast",2.6980991,0.09372652
"GSM7717085","PWH27","Wound7","Fibroblast",-3.6072793,0.8303131
"GSM7717085","PWH27","Wound7","Fibroblast",-2.7441247,0.83466923
"GSM7717085","PWH27","Wound7","Fibroblast",-3.7475798,0.4917954
"GSM7717089","PWH28","Wound7","Fibroblast",-2.1166792,-0.83749145
"GSM7717086","PWH27","Wound30","Fibroblast",2.3182652,0.20933999
"GSM7717083","PWH27","Skin","Fibroblast",-2.016377,-1.5530597
"GSM7717090","PWH28","Wound30","Fibroblast",-0.15929143,-0.15102577
"GSM7717086","PWH27","Wound30","Fibroblast",2.4834287,-0.30872574
"GSM7717087","PWH28","Skin","Fibroblast",-2.7943387,1.9122286
"GSM7717085","PWH27","Wound7","Fibroblast",0.08642111,1.0308878
"GSM7717086","PWH27","Wound30","Fibroblast",1.038096,-1.5590581
"GSM7717086","PWH27","Wound30","Fibroblast",0.82555526,0.34554836
"GSM7717090","PWH28","Wound30","Fibroblast",1.9646986,0.7980994
"GSM7717084","PWH27","Wound1","Fibroblast",5.0647564,-0.16799472
"GSM7717083","PWH27","Skin","Fibroblast",-3.812923,-0.31339702
"GSM7717090","PWH28","Wound30","Fibroblast",1.6095064,0.59003043
"GSM7717087","PWH28","Skin","Fibroblast",-3.1639388,-1.5530484
"GSM7717087","PWH28","Skin","Fibroblast",-3.3448217,-1.8545226
"GSM7717085","PWH27","Wound7","Fibroblast",-2.9903805,0.519835
"GSM7717088","PWH28","Wound1","Fibroblast",-1.4842225,-1.1674659
"GSM7717087","PWH28","Skin","Fibroblast",-2.9811933,5.582944
"GSM7717087","PWH28","Skin","Fibroblast",-3.4250305,0.7377134
"GSM7717085","PWH27","Wound7","Fibroblast",10.959846,7.9969244
"GSM7717087","PWH28","Skin","Fibroblast",-2.7645078,-0.68159795
"GSM7717082","PWH26","Wound30","Fibroblast",2.497478,0.04000849
"GSM7717090","PWH28","Wound30","Fibroblast",2.3518386,-0.014467991
"GSM7717085","PWH27","Wound7","Fibroblast",-3.589878,0.9880661
"GSM7717089","PWH28","Wound7","Fibroblast",-1.7241733,1.3151522
"GSM7717079","PWH26","Skin","Fibroblast",-3.3017027,0.999218
"GSM7717090","PWH28","Wound30","Fibroblast",2.904406,0.31526238
"GSM7717090","PWH28","Wound30","Fibroblast",2.166011,0.17991987
"GSM7717090","PWH28","Wound30","Fibroblast",-2.1468108,-0.6306625
"GSM7717087","PWH28","Skin","Fibroblast",-3.1865082,-0.41087145
"GSM7717085","PWH27","Wound7","Fibroblast",0.7280444,0.5603483
"GSM7717087","PWH28","Skin","Fibroblast",-3.6709392,-0.57120836
"GSM7717089","PWH28","Wound7","Fibroblast",-2.445858,1.242859
"GSM7717079","PWH26","Skin","Fibroblast",1.2885135,-3.478366
"GSM7717088","PWH28","Wound1","Fibroblast",-1.1794661,0.17487878
"GSM7717086","PWH27","Wound30","Fibroblast",3.0285509,-0.004724384
"GSM7717088","PWH28","Wound1","Fibroblast",-2.5341332,5.2722087
"GSM7717079","PWH26","Skin","Fibroblast",-2.1029353,-0.13648133
"GSM7717086","PWH27","Wound30","Fibroblast",1.4856083,0.046244364
"GSM7717090","PWH28","Wound30","Fibroblast",3.0403624,0.052144047
"GSM7717081","PWH26","Wound7","Fibroblast",1.1072646,-0.06362611
"GSM7717079","PWH26","Skin","Fibroblast",-2.1275594,-1.0136487
"GSM7717084","PWH27","Wound1","Fibroblast",-2.5822105,0.22854103
"GSM7717085","PWH27","Wound7","Fibroblast",0.17664897,0.66803783
"GSM7717079","PWH26","Skin","Fibroblast",-3.2032194,2.8924515
"GSM7717089","PWH28","Wound7","Fibroblast",-0.15472978,1.6225554
"GSM7717082","PWH26","Wound30","Fibroblast",2.886842,0.26401293
"GSM7717085","PWH27","Wound7","Fibroblast",1.595915,-0.03125954
"GSM7717085","PWH27","Wound7","Fibroblast",0.8518377,-0.081939824
"GSM7717085","PWH27","Wound7","Fibroblast",-0.5750142,0.88645566
"GSM7717086","PWH27","Wound30","Fibroblast",2.6705132,0.326052
"GSM7717083","PWH27","Skin","Fibroblast",-2.9710796,1.3559343
"GSM7717088","PWH28","Wound1","Fibroblast",-3.2281897,-0.5558224
"GSM7717090","PWH28","Wound30","Fibroblast",3.1952384,0.009523002
"GSM7717086","PWH27","Wound30","Fibroblast",-0.104670905,-1.5981663
"GSM7717081","PWH26","Wound7","Fibroblast",2.3213086,0.122324586
"GSM7717086","PWH27","Wound30","Fibroblast",2.0283725,-0.27089736
"GSM7717087","PWH28","Skin","Fibroblast",-2.3264887,-2.6089015
"GSM7717086","PWH27","Wound30","Fibroblast",-1.217043,-1.5659493
"GSM7717085","PWH27","Wound7","Fibroblast",0.48320428,0.87113124
"GSM7717081","PWH26","Wound7","Fibroblast",0.9269371,0.5075174
"GSM7717089","PWH28","Wound7","Fibroblast",-0.5132482,0.86997795
"GSM7717090","PWH28","Wound30","Fibroblast",0.5543361,-0.7292705
"GSM7717082","PWH26","Wound30","Fibroblast",1.8489963,0.18519545
"GSM7717090","PWH28","Wound30","Fibroblast",2.856619,0.25817862
"GSM7717085","PWH27","Wound7","Fibroblast",2.3542948,0.08518521
"GSM7717085","PWH27","Wound7","Fibroblast",-2.5436585,-2.6304467
"GSM7717087","PWH28","Skin","Fibroblast",-3.3048236,1.0869613
"GSM7717090","PWH28","Wound30","Fibroblast",2.5397844,-0.1964912
"GSM7717081","PWH26","Wound7","Fibroblast",1.6835638,0.35596213
"GSM7717084","PWH27","Wound1","Fibroblast",-2.7793846,0.17313242
"GSM7717087","PWH28","Skin","Fibroblast",-3.5199003,3.3729455
"GSM7717084","PWH27","Wound1","Fibroblast",-0.5224044,1.0859766
"GSM7717079","PWH26","Skin","Fibroblast",-2.5975027,-0.9497901
"GSM7717090","PWH28","Wound30","Fibroblast",2.5223167,-0.5451241
"GSM7717085","PWH27","Wound7","Fibroblast",-3.099726,1.2435913
"GSM7717082","PWH26","Wound30","Fibroblast",3.0893755,0.48258227
"GSM7717085","PWH27","Wound7","Fibroblast",-1.415244,0.61964536
"GSM7717090","PWH28","Wound30","Fibroblast",2.5527313,0.3275495
"GSM7717084","PWH27","Wound1","Fibroblast",-2.6232512,-0.7080924
"GSM7717089","PWH28","Wound7","Fibroblast",0.69418126,-0.6575717
"GSM7717085","PWH27","Wound7","Fibroblast",1.7202704,1.3887413
"GSM7717079","PWH26","Skin","Fibroblast",-3.4350038,0.23413402
"GSM7717089","PWH28","Wound7","Fibroblast",0.7558531,0.40784407
"GSM7717090","PWH28","Wound30","Fibroblast",-3.5034285,0.07510532
"GSM7717081","PWH26","Wound7","Fibroblast",-1.1876453,0.9408348
"GSM7717090","PWH28","Wound30","Fibroblast",2.718073,-0.012917231
"GSM7717089","PWH28","Wound7","Fibroblast",0.050303563,0.120677
"GSM7717081","PWH26","Wound7","Fibroblast",-2.658804,0.0052283606
"GSM7717079","PWH26","Skin","Fibroblast",-2.6223392,-2.218011
"GSM7717085","PWH27","Wound7","Fibroblast",1.2696909,0.5468484
"GSM7717079","PWH26","Skin","Fibroblast",-2.6870306,-1.0812032
"GSM7717086","PWH27","Wound30","Fibroblast",-1.1058602,-1.0882876
"GSM7717080","PWH26","Wound1","Fibroblast",-1.2480664,-0.29847515
"GSM7717090","PWH28","Wound30","Fibroblast",2.727105,-2.1062098
"GSM7717082","PWH26","Wound30","Fibroblast",-3.752899,2.5237982
"GSM7717090","PWH28","Wound30","Fibroblast",3.2509158,0.293254
"GSM7717081","PWH26","Wound7","Fibroblast",-3.2999382,-0.7751145
"GSM7717087","PWH28","Skin","Fibroblast",-3.8820221,2.334745
"GSM7717085","PWH27","Wound7","Fibroblast",-0.8943248,1.3385806
"GSM7717090","PWH28","Wound30","Fibroblast",2.7176776,1.4363164
"GSM7717086","PWH27","Wound30","Fibroblast",-0.24348259,-1.1306028
"GSM7717079","PWH26","Skin","Fibroblast",-1.975749,-2.373035
"GSM7717082","PWH26","Wound30","Fibroblast",3.089819,0.23090959
"GSM7717085","PWH27","Wound7","Fibroblast",1.1624768,0.38737425
"GSM7717086","PWH27","Wound30","Fibroblast",2.7584813,0.34657565
"GSM7717085","PWH27","Wound7","Fibroblast",-3.5570488,1.1447331
"GSM7717085","PWH27","Wound7","Fibroblast",0.32671604,0.21681248
"GSM7717082","PWH26","Wound30","Fibroblast",0.35462514,1.4694785
"GSM7717089","PWH28","Wound7","Fibroblast",-4.5517397,0.47574714
"GSM7717079","PWH26","Skin","Fibroblast",-1.4243922,-1.5781257
"GSM7717089","PWH28","Wound7","Fibroblast",0.1623685,1.5092928
"GSM7717081","PWH26","Wound7","Fibroblast",0.16252393,0.1403125
"GSM7717085","PWH27","Wound7","Fibroblast",-3.26715,2.3404799
"GSM7717089","PWH28","Wound7","Fibroblast",-0.8088689,1.4915227
"GSM7717087","PWH28","Skin","Fibroblast",-2.3323443,-1.8362607
"GSM7717087","PWH28","Skin","Fibroblast",-3.255914,1.7520319
"GSM7717082","PWH26","Wound30","Fibroblast",-0.12257506,-1.0917156
"GSM7717079","PWH26","Skin","Fibroblast",-2.5656157,-2.3102689
"GSM7717085","PWH27","Wound7","Fibroblast",-2.9563153,-0.8700352
"GSM7717090","PWH28","Wound30","Fibroblast",2.608726,0.01294482
"GSM7717079","PWH26","Skin","Fibroblast",-1.966439,-2.6592343
"GSM7717088","PWH28","Wound1","Fibroblast",-2.623629,0.5129123
"GSM7717089","PWH28","Wound7","Fibroblast",-2.206718,1.6947773
"GSM7717079","PWH26","Skin","Fibroblast",-2.8135643,-0.5545969
"GSM7717085","PWH27","Wound7","Fibroblast",1.2110982,0.8776641
"GSM7717087","PWH28","Skin","Fibroblast",-2.0598574,-1.5321574
"GSM7717084","PWH27","Wound1","Fibroblast",-1.4353228,2.005692
"GSM7717085","PWH27","Wound7","Fibroblast",-3.403881,0.6337038
"GSM7717084","PWH27","Wound1","Fibroblast",-3.3216963,1.6160275
"GSM7717086","PWH27","Wound30","Fibroblast",2.480306,-0.28422046
"GSM7717081","PWH26","Wound7","Fibroblast",-0.99203265,-1.3545744
"GSM7717081","PWH26","Wound7","Fibroblast",7.5346456,3.4604778
"GSM7717087","PWH28","Skin","Fibroblast",-0.27647626,-2.030813
"GSM7717090","PWH28","Wound30","Fibroblast",2.8491006,0.040065814
"GSM7717082","PWH26","Wound30","Fibroblast",3.5085998,-0.12865493
"GSM7717085","PWH27","Wound7","Fibroblast",-3.5947437,0.9706924
"GSM7717090","PWH28","Wound30","Fibroblast",2.8161895,0.57064843
"GSM7717082","PWH26","Wound30","Fibroblast",1.9050992,0.29728526
"GSM7717089","PWH28","Wound7","Fibroblast",-2.3244834,-0.38210288
"GSM7717085","PWH27","Wound7","Fibroblast",3.0751214,0.06355737
"GSM7717085","PWH27","Wound7","Fibroblast",-3.4317129,1.7145665
"GSM7717081","PWH26","Wound7","Fibroblast",0.51666415,0.051223982
"GSM7717081","PWH26","Wound7","Fibroblast",-2.6976519,-0.9689855
"GSM7717086","PWH27","Wound30","Fibroblast",2.5916142,0.0702699
"GSM7717089","PWH28","Wound7","Fibroblast",-2.2076657,0.18669385
"GSM7717090","PWH28","Wound30","Fibroblast",3.1812978,0.15210266
"GSM7717079","PWH26","Skin","Fibroblast",-1.2007314,-2.284135
"GSM7717089","PWH28","Wound7","Fibroblast",0.31885564,-0.5546162
"GSM7717089","PWH28","Wound7","Fibroblast",1.7183162,0.21884212
"GSM7717085","PWH27","Wound7","Fibroblast",1.2154207,0.29662356
"GSM7717085","PWH27","Wound7","Fibroblast",-1.0420219,-0.23790917
"GSM7717087","PWH28","Skin","Fibroblast",0.94918454,-1.5428481
"GSM7717089","PWH28","Wound7","Fibroblast",-3.1636665,2.3362768
"GSM7717084","PWH27","Wound1","Fibroblast",-2.2554352,2.281378
"GSM7717086","PWH27","Wound30","Fibroblast",2.7628214,-0.017378759
"GSM7717090","PWH28","Wound30","Fibroblast",0.35668173,-1.1420172
"GSM7717090","PWH28","Wound30","Fibroblast",2.827396,0.329875
"GSM7717082","PWH26","Wound30","Fibroblast",-2.591207,-0.99798036
"GSM7717085","PWH27","Wound7","Fibroblast",0.9162081,0.53412414
"GSM7717086","PWH27","Wound30","Fibroblast",-3.8560426,0.7017005
"GSM7717090","PWH28","Wound30","Fibroblast",-1.1390867,-1.5306394
"GSM7717085","PWH27","Wound7","Fibroblast",-0.10938596,0.41775915
"GSM7717089","PWH28","Wound7","Fibroblast",2.7972388,-0.5233179
"GSM7717085","PWH27","Wound7","Fibroblast",0.68751556,0.4540326
"GSM7717085","PWH27","Wound7","Fibroblast",1.6049119,-0.002544148
"GSM7717090","PWH28","Wound30","Fibroblast",3.4011633,0.30924246
"GSM7717090","PWH28","Wound30","Fibroblast",1.6883199,-0.45895413
"GSM7717086","PWH27","Wound30","Fibroblast",2.5992527,-0.1732393
"GSM7717085","PWH27","Wound7","Fibroblast",-1.4599779,-0.7018244
"GSM7717079","PWH26","Skin","Fibroblast",-2.3527262,1.0086987
"GSM7717079","PWH26","Skin","Fibroblast",-2.2336707,-0.29661694
"GSM7717085","PWH27","Wound7","Fibroblast",0.06670955,1.3969722
"GSM7717086","PWH27","Wound30","Fibroblast",3.076407,0.02526117
"GSM7717089","PWH28","Wound7","Fibroblast",1.3453,0.25084862
"GSM7717087","PWH28","Skin","Fibroblast",-4.01046,1.0799866
"GSM7717086","PWH27","Wound30","Fibroblast",2.9003654,0.24491225
"GSM7717081","PWH26","Wound7","Fibroblast",1.6673777,1.7637409
"GSM7717082","PWH26","Wound30","Fibroblast",2.9243214,0.3261141
"GSM7717090","PWH28","Wound30","Fibroblast",3.6360517,0.14198083
"GSM7717085","PWH27","Wound7","Fibroblast",-2.1402912,1.2837814
"GSM7717081","PWH26","Wound7","Fibroblast",-2.3433323,1.0116603
"GSM7717085","PWH27","Wound7","Fibroblast",0.14766572,0.8612904
"GSM7717086","PWH27","Wound30","Fibroblast",-3.583688,1.8082122
"GSM7717086","PWH27","Wound30","Fibroblast",-0.80604106,-1.0250793
"GSM7717084","PWH27","Wound1","Fibroblast",-2.934807,2.5359974
"GSM7717079","PWH26","Skin","Fibroblast",-3.9583247,1.0310512
"GSM7717090","PWH28","Wound30","Fibroblast",2.3107371,-0.00985704
"GSM7717086","PWH27","Wound30","Fibroblast",0.08123742,0.8706704
"GSM7717090","PWH28","Wound30","Fibroblast",3.256634,0.007822418
"GSM7717086","PWH27","Wound30","Fibroblast",2.8115742,0.022233844
"GSM7717087","PWH28","Skin","Fibroblast",-1.4135522,-1.4797012
"GSM7717086","PWH27","Wound30","Fibroblast",-0.305097,-1.5609205
"GSM7717081","PWH26","Wound7","Fibroblast",1.2441072,0.50424534
"GSM7717090","PWH28","Wound30","Fibroblast",2.9543812,0.11775287
"GSM7717085","PWH27","Wound7","Fibroblast",1.9022839,-0.03421681
"GSM7717086","PWH27","Wound30","Fibroblast",1.2541844,-0.06205786
"GSM7717090","PWH28","Wound30","Fibroblast",1.8298703,0.25433967
"GSM7717090","PWH28","Wound30","Fibroblast",0.75320166,-0.4622369
"GSM7717086","PWH27","Wound30","Fibroblast",1.5049553,0.15321347
"GSM7717085","PWH27","Wound7","Fibroblast",1.5185341,0.30686536
"GSM7717081","PWH26","Wound7","Fibroblast",0.00018207368,0.3592556
"GSM7717090","PWH28","Wound30","Fibroblast",1.5985402,0.2593181
"GSM7717090","PWH28","Wound30","Fibroblast",-3.347282,-1.2071769
"GSM7717090","PWH28","Wound30","Fibroblast",3.4595551,-0.01821819
"GSM7717087","PWH28","Skin","Fibroblast",-2.0804799,0.1752481
"GSM7717082","PWH26","Wound30","Fibroblast",2.975429,0.20081681
"GSM7717082","PWH26","Wound30","Fibroblast",2.4354703,-0.13156822
"GSM7717090","PWH28","Wound30","Fibroblast",2.3720767,-0.10660658
"GSM7717087","PWH28","Skin","Fibroblast",-3.105802,0.82854307
"GSM7717087","PWH28","Skin","Fibroblast",-3.1602566,3.7300928
"GSM7717088","PWH28","Wound1","Fibroblast",-1.6184099,-0.631438
"GSM7717086","PWH27","Wound30","Fibroblast",2.9085934,0.31718737
"GSM7717090","PWH28","Wound30","Fibroblast",-0.15321338,-0.33362228
"GSM7717089","PWH28","Wound7","Fibroblast",-3.9759738,1.3270471
"GSM7717090","PWH28","Wound30","Fibroblast",2.6328263,0.09537139
"GSM7717082","PWH26","Wound30","Fibroblast",-0.028862264,-1.2773603
"GSM7717090","PWH28","Wound30","Fibroblast",2.9089735,-0.0442964
"GSM7717081","PWH26","Wound7","Fibroblast",-3.4229248,1.2613212
"GSM7717090","PWH28","Wound30","Fibroblast",2.8830433,0.06984318
"GSM7717086","PWH27","Wound30","Fibroblast",2.5676758,0.0067762155
"GSM7717085","PWH27","Wound7","Fibroblast",-1.3257052,0.52921814
"GSM7717079","PWH26","Skin","Fibroblast",-2.446351,1.424402
"GSM7717087","PWH28","Skin","Fibroblast",-3.0964751,-0.8316316
"GSM7717086","PWH27","Wound30","Fibroblast",-2.9459953,2.1691043
"GSM7717085","PWH27","Wound7","Fibroblast",-3.3542411,-0.6904814
"GSM7717089","PWH28","Wound7","Fibroblast",-0.18517771,0.15829906
"GSM7717087","PWH28","Skin","Fibroblast",-2.608354,-0.8771488
"GSM7717085","PWH27","Wound7","Fibroblast",0.66984,0.48248613
"GSM7717085","PWH27","Wound7","Fibroblast",2.0116181,0.60346895
"GSM7717080","PWH26","Wound1","Fibroblast",-3.5725288,-0.025864473
"GSM7717079","PWH26","Skin","Fibroblast",-2.616795,-1.6169924
"GSM7717081","PWH26","Wound7","Fibroblast",-0.9267309,0.09320839
"GSM7717089","PWH28","Wound7","Fibroblast",-0.9906504,0.5618234
"GSM7717090","PWH28","Wound30","Fibroblast",-0.9160797,-0.20029074
"GSM7717084","PWH27","Wound1","Fibroblast",-2.9056659,1.4632169
"GSM7717081","PWH26","Wound7","Fibroblast",0.19066587,0.33622465
"GSM7717090","PWH28","Wound30","Fibroblast",2.7724383,0.3735799
"GSM7717090","PWH28","Wound30","Fibroblast",2.6216714,0.7586219
"GSM7717081","PWH26","Wound7","Fibroblast",0.851104,0.39634177
"GSM7717086","PWH27","Wound30","Fibroblast",-2.6504955,0.3708087
"GSM7717090","PWH28","Wound30","Fibroblast",2.3079333,0.011289101
"GSM7717083","PWH27","Skin","Fibroblast",-3.087915,-0.94771355
"GSM7717081","PWH26","Wound7","Fibroblast",-4.411832,-0.17367275
"GSM7717090","PWH28","Wound30","Fibroblast",-1.4579449,-1.2511108
"GSM7717079","PWH26","Skin","Fibroblast",-1.0529758,-1.7796208
"GSM7717085","PWH27","Wound7","Fibroblast",0.3643637,1.6515561
"GSM7717090","PWH28","Wound30","Fibroblast",-1.2527198,-0.18010554
"GSM7717081","PWH26","Wound7","Fibroblast",0.2570132,0.0032721602
"GSM7717089","PWH28","Wound7","Fibroblast",-3.8935416,0.58579415
"GSM7717082","PWH26","Wound30","Fibroblast",2.5094922,-0.22097318
"GSM7717087","PWH28","Skin","Fibroblast",-2.9373987,-1.4658126
"GSM7717090","PWH28","Wound30","Fibroblast",2.2445433,-0.07915984
"GSM7717085","PWH27","Wound7","Fibroblast",-1.6775792,0.08145027
"GSM7717086","PWH27","Wound30","Fibroblast",-0.33708394,0.6833555
"GSM7717090","PWH28","Wound30","Fibroblast",2.963063,-0.048237536
"GSM7717086","PWH27","Wound30","Fibroblast",3.7141862,-0.084002465
"GSM7717079","PWH26","Skin","Fibroblast",-3.524946,-0.8496436
"GSM7717090","PWH28","Wound30","Fibroblast",2.9489214,0.48206317
"GSM7717086","PWH27","Wound30","Fibroblast",0.6013058,-0.892095
"GSM7717085","PWH27","Wound7","Fibroblast",1.05243,0.55986863
"GSM7717086","PWH27","Wound30","Fibroblast",1.0871521,-0.28408194
"GSM7717079","PWH26","Skin","Fibroblast",-3.5097566,0.6079183
"GSM7717086","PWH27","Wound30","Fibroblast",-1.2879575,-1.0728401
"GSM7717083","PWH27","Skin","Fibroblast",-3.9517539,-0.9511498
"GSM7717086","PWH27","Wound30","Fibroblast",1.8528703,0.2511339
"GSM7717090","PWH28","Wound30","Fibroblast",2.578353,0.18107972
"GSM7717081","PWH26","Wound7","Fibroblast",-3.568708,2.4001472
"GSM7717090","PWH28","Wound30","Fibroblast",-2.9018278,1.6395978
"GSM7717084","PWH27","Wound1","Fibroblast",-3.0598974,2.723537
"GSM7717090","PWH28","Wound30","Fibroblast",-3.6275208,-0.6849689
"GSM7717082","PWH26","Wound30","Fibroblast",2.2924864,-0.26639605
"GSM7717081","PWH26","Wound7","Fibroblast",-0.8358186,0.6180201
"GSM7717084","PWH27","Wound1","Fibroblast",-0.45464274,-1.4108531
"GSM7717085","PWH27","Wound7","Fibroblast",-3.517722,2.4548016
"GSM7717090","PWH28","Wound30","Fibroblast",2.7758975,0.07939793
"GSM7717090","PWH28","Wound30","Fibroblast",0.8152188,0.38317308
"GSM7717090","PWH28","Wound30","Fibroblast",3.59023,-0.23554158
"GSM7717090","PWH28","Wound30","Fibroblast",3.2481854,-0.17106926
"GSM7717084","PWH27","Wound1","Fibroblast",-1.0045658,-2.1151626
"GSM7717086","PWH27","Wound30","Fibroblast",1.7607476,0.09961964
"GSM7717089","PWH28","Wound7","Fibroblast",-1.4512198,0.7644196
"GSM7717082","PWH26","Wound30","Fibroblast",3.1410136,0.26842633
"GSM7717087","PWH28","Skin","Fibroblast",-2.9369426,-1.472652
"GSM7717079","PWH26","Skin","Fibroblast",-1.8176678,-1.2138512
"GSM7717081","PWH26","Wound7","Fibroblast",-1.405949,0.9973234
"GSM7717090","PWH28","Wound30","Fibroblast",-0.012005611,0.045396816
"GSM7717086","PWH27","Wound30","Fibroblast",3.292219,0.06417973
"GSM7717081","PWH26","Wound7","Fibroblast",3.0428412,0.14944205
"GSM7717085","PWH27","Wound7","Fibroblast",-3.5451517,0.69359803
"GSM7717090","PWH28","Wound30","Fibroblast",2.8652275,1.1191578
"GSM7717085","PWH27","Wound7","Fibroblast",0.20071577,1.435901
"GSM7717080","PWH26","Wound1","Fibroblast",-2.0338473,1.8008237
"GSM7717083","PWH27","Skin","Fibroblast",-2.674888,-2.0668104
"GSM7717086","PWH27","Wound30","Fibroblast",2.8895817,0.11047356
"GSM7717090","PWH28","Wound30","Fibroblast",0.8438198,-0.13880157
"GSM7717086","PWH27","Wound30","Fibroblast",2.6846044,0.30439043
"GSM7717079","PWH26","Skin","Fibroblast",-2.0506995,-1.8025422
"GSM7717081","PWH26","Wound7","Fibroblast",1.0236608,-0.43645346
"GSM7717086","PWH27","Wound30","Fibroblast",-1.732097,-0.21885256
"GSM7717087","PWH28","Skin","Fibroblast",-3.7327216,2.357853
"GSM7717085","PWH27","Wound7","Fibroblast",-2.0678723,0.09502748
"GSM7717086","PWH27","Wound30","Fibroblast",0.4825535,0.22883569
"GSM7717085","PWH27","Wound7","Fibroblast",-3.7373805,0.7285632
"GSM7717086","PWH27","Wound30","Fibroblast",-3.0652878,-1.7651526
"GSM7717090","PWH28","Wound30","Fibroblast",2.2804964,-0.007842106
"GSM7717081","PWH26","Wound7","Fibroblast",1.4375508,0.029176585
"GSM7717081","PWH26","Wound7","Fibroblast",0.6048906,0.55173546
"GSM7717087","PWH28","Skin","Fibroblast",-1.2649071,-3.2622402
"GSM7717085","PWH27","Wound7","Fibroblast",0.0418614,1.029741
"GSM7717090","PWH28","Wound30","Fibroblast",1.615484,-0.30372223
"GSM7717086","PWH27","Wound30","Fibroblast",3.0192068,0.16165957
"GSM7717079","PWH26","Skin","Fibroblast",-1.4499265,0.8166028
"GSM7717079","PWH26","Skin","Fibroblast",-2.6691577,0.84384114
"GSM7717086","PWH27","Wound30","Fibroblast",2.6803124,2.6254034
"GSM7717079","PWH26","Skin","Fibroblast",-2.4631796,0.4771504
"GSM7717086","PWH27","Wound30","Fibroblast",2.612598,-0.054830965
"GSM7717080","PWH26","Wound1","Fibroblast",-3.4982188,-1.5268056
"GSM7717090","PWH28","Wound30","Fibroblast",-2.993421,0.4638107
"GSM7717085","PWH27","Wound7","Fibroblast",0.9832548,-0.08496437
"GSM7717090","PWH28","Wound30","Fibroblast",2.895543,0.026318373
"GSM7717090","PWH28","Wound30","Fibroblast",-0.20633602,-1.8706897
"GSM7717087","PWH28","Skin","Fibroblast",-4.026954,1.021663
"GSM7717084","PWH27","Wound1","Fibroblast",0.95394236,1.1145982
"GSM7717088","PWH28","Wound1","Fibroblast",-2.0008337,2.2504313
"GSM7717086","PWH27","Wound30","Fibroblast",-1.6074241,0.17208771
"GSM7717083","PWH27","Skin","Fibroblast",-2.9794297,-1.8007971
"GSM7717090","PWH28","Wound30","Fibroblast",2.9744003,0.20105876
"GSM7717085","PWH27","Wound7","Fibroblast",-3.66103,0.12831602
"GSM7717086","PWH27","Wound30","Fibroblast",2.5965288,0.22881714
"GSM7717085","PWH27","Wound7","Fibroblast",2.0972757,0.36811298
"GSM7717085","PWH27","Wound7","Fibroblast",-1.6534299,-0.34010974
"GSM7717085","PWH27","Wound7","Fibroblast",-0.30642912,-0.3192945
"GSM7717083","PWH27","Skin","Fibroblast",0.49779326,-2.4206061
"GSM7717089","PWH28","Wound7","Fibroblast",-0.4329295,0.4138314
"GSM7717090","PWH28","Wound30","Fibroblast",1.8649632,0.40752152
"GSM7717086","PWH27","Wound30","Fibroblast",-2.354731,-0.41338107
"GSM7717086","PWH27","Wound30","Fibroblast",0.45486605,-0.47830057
"GSM7717083","PWH27","Skin","Fibroblast",-2.7710736,0.52507335
"GSM7717084","PWH27","Wound1","Fibroblast",-0.1186823,1.5231853
"GSM7717086","PWH27","Wound30","Fibroblast",2.016822,-0.38899177
"GSM7717082","PWH26","Wound30","Fibroblast",-1.2622107,0.034392525
"GSM7717086","PWH27","Wound30","Fibroblast",2.0616577,0.2235613
"GSM7717081","PWH26","Wound7","Fibroblast",-0.5652018,0.02023508
"GSM7717086","PWH27","Wound30","Fibroblast",2.6516664,0.14212859
"GSM7717087","PWH28","Skin","Fibroblast",-2.1724749,-1.4504299
"GSM7717088","PWH28","Wound1","Fibroblast",-3.5426219,1.8519557
"GSM7717085","PWH27","Wound7","Fibroblast",-0.37569886,2.0362573
"GSM7717085","PWH27","Wound7","Fibroblast",1.863335,0.23748714
"GSM7717085","PWH27","Wound7","Fibroblast",-3.550692,-0.11509132
"GSM7717085","PWH27","Wound7","Fibroblast",-2.4686377,-0.7006242
"GSM7717086","PWH27","Wound30","Fibroblast",2.6403,0.19486728
"GSM7717085","PWH27","Wound7","Fibroblast",0.57440794,1.058548
"GSM7717083","PWH27","Skin","Fibroblast",-2.7750268,0.19899322
"GSM7717086","PWH27","Wound30","Fibroblast",2.1623614,-0.009020136
"GSM7717086","PWH27","Wound30","Fibroblast",1.2540007,-0.29250962
"GSM7717082","PWH26","Wound30","Fibroblast",2.9537501,-0.20663233
"GSM7717088","PWH28","Wound1","Fibroblast",-3.3931205,0.67452675
"GSM7717090","PWH28","Wound30","Fibroblast",-2.8729854,0.78792524
"GSM7717089","PWH28","Wound7","Fibroblast",0.35675853,1.1949815
"GSM7717084","PWH27","Wound1","Fibroblast",-2.1299503,-1.8713381
"GSM7717086","PWH27","Wound30","Fibroblast",2.5116298,0.23663053
"GSM7717084","PWH27","Wound1","Fibroblast",-2.3700151,0.12059525
"GSM7717086","PWH27","Wound30","Fibroblast",3.1806319,0.09246984
"GSM7717085","PWH27","Wound7","Fibroblast",1.16295,0.9652244
"GSM7717090","PWH28","Wound30","Fibroblast",2.590005,0.4068591
"GSM7717081","PWH26","Wound7","Fibroblast",-3.1447067,-0.79146165
"GSM7717087","PWH28","Skin","Fibroblast",-3.6304054,-0.57233644
"GSM7717081","PWH26","Wound7","Fibroblast",0.8429225,0.6396955
"GSM7717081","PWH26","Wound7","Fibroblast",0.14037032,-0.16619663
"GSM7717080","PWH26","Wound1","Fibroblast",-1.9789761,2.3013737
"GSM7717087","PWH28","Skin","Fibroblast",-4.0192647,1.131983
"GSM7717087","PWH28","Skin","Fibroblast",-3.9492228,1.4732255
"GSM7717086","PWH27","Wound30","Fibroblast",3.044208,-0.03934422
"GSM7717087","PWH28","Skin","Fibroblast",-2.9884872,1.2176259
"GSM7717090","PWH28","Wound30","Fibroblast",0.25586516,-2.0567102
"GSM7717086","PWH27","Wound30","Fibroblast",2.1900833,-0.059147716
"GSM7717082","PWH26","Wound30","Fibroblast",2.6291049,0.27461526
"GSM7717079","PWH26","Skin","Fibroblast",-3.7678342,0.73564756
"GSM7717084","PWH27","Wound1","Fibroblast",-1.2367347,0.79151297
"GSM7717087","PWH28","Skin","Fibroblast",-1.1491592,-1.767151
"GSM7717085","PWH27","Wound7","Fibroblast",-0.18429583,0.4600028
"GSM7717085","PWH27","Wound7","Fibroblast",1.0704054,0.17033145
"GSM7717086","PWH27","Wound30","Fibroblast",2.2144225,-0.68141156
"GSM7717090","PWH28","Wound30","Fibroblast",2.9727502,0.5055996
"GSM7717087","PWH28","Skin","Fibroblast",-2.904359,-1.8119175
"GSM7717085","PWH27","Wound7","Fibroblast",-3.7775805,1.6274979
"GSM7717087","PWH28","Skin","Fibroblast",-2.6730003,-3.4911537
"GSM7717085","PWH27","Wound7","Fibroblast",3.3508306,-0.2697153
"GSM7717082","PWH26","Wound30","Fibroblast",-2.496037,3.169069
"GSM7717081","PWH26","Wound7","Fibroblast",1.8099363,0.026687669
"GSM7717086","PWH27","Wound30","Fibroblast",3.141924,0.1803371
"GSM7717086","PWH27","Wound30","Fibroblast",2.3650815,-0.18653852
"GSM7717090","PWH28","Wound30","Fibroblast",3.7992423,-0.020314556
"GSM7717087","PWH28","Skin","Fibroblast",-2.379386,-2.2896755
"GSM7717085","PWH27","Wound7","Fibroblast",2.529668,-0.27728522
"GSM7717087","PWH28","Skin","Fibroblast",-2.315797,-2.079491
"GSM7717085","PWH27","Wound7","Fibroblast",0.33969525,2.0359454
"GSM7717090","PWH28","Wound30","Fibroblast",0.98186105,0.45984784
"GSM7717086","PWH27","Wound30","Fibroblast",-3.5107057,0.3291635
"GSM7717081","PWH26","Wound7","Fibroblast",2.2006598,-1.1152426
"GSM7717090","PWH28","Wound30","Fibroblast",2.9457977,0.09557227
"GSM7717079","PWH26","Skin","Fibroblast",-3.2712085,-0.8624289
"GSM7717086","PWH27","Wound30","Fibroblast",-2.9051013,0.05952961
"GSM7717090","PWH28","Wound30","Fibroblast",1.1064796,0.07864428
"GSM7717085","PWH27","Wound7","Fibroblast",-2.9900749,3.2088876
"GSM7717083","PWH27","Skin","Fibroblast",-3.8514695,0.008682321
"GSM7717081","PWH26","Wound7","Fibroblast",1.2554882,0.089643635
"GSM7717085","PWH27","Wound7","Fibroblast",-0.05531927,0.8498681
"GSM7717090","PWH28","Wound30","Fibroblast",3.0038052,0.14404023
"GSM7717086","PWH27","Wound30","Fibroblast",3.1493235,-0.12041266
"GSM7717085","PWH27","Wound7","Fibroblast",-2.331579,0.1814109
"GSM7717090","PWH28","Wound30","Fibroblast",3.0455832,0.48307723
"GSM7717081","PWH26","Wound7","Fibroblast",2.6770391,-0.05874181
"GSM7717090","PWH28","Wound30","Fibroblast",2.1614587,0.020806016
"GSM7717090","PWH28","Wound30","Fibroblast",1.1707792,0.38558683
"GSM7717090","PWH28","Wound30","Fibroblast",-0.259085,0.26943243
"GSM7717082","PWH26","Wound30","Fibroblast",0.47732297,-2.1691835
"GSM7717084","PWH27","Wound1","Fibroblast",-1.9418434,1.5924499
"GSM7717085","PWH27","Wound7","Fibroblast",-3.3211024,2.171764
"GSM7717084","PWH27","Wound1","Fibroblast",0.25715396,2.232871
"GSM7717082","PWH26","Wound30","Fibroblast",-3.3197155,0.092360415
"GSM7717089","PWH28","Wound7","Fibroblast",-2.549066,-1.0486568
"GSM7717090","PWH28","Wound30","Fibroblast",0.04433266,-0.8617165
"GSM7717082","PWH26","Wound30","Fibroblast",-2.2706614,2.3844469
"GSM7717086","PWH27","Wound30","Fibroblast",1.1641119,0.8786809
"GSM7717089","PWH28","Wound7","Fibroblast",-0.8820032,0.24528073
"GSM7717080","PWH26","Wound1","Fibroblast",-1.6087978,0.39677897
"GSM7717090","PWH28","Wound30","Fibroblast",2.9157903,-0.12488041
"GSM7717088","PWH28","Wound1","Fibroblast",-3.1258714,1.2824688
"GSM7717086","PWH27","Wound30","Fibroblast",3.021494,0.18569143
"GSM7717081","PWH26","Wound7","Fibroblast",-2.6873188,-1.0129831
"GSM7717085","PWH27","Wound7","Fibroblast",0.9020337,0.71904814
"GSM7717085","PWH27","Wound7","Fibroblast",0.124315254,1.5938146
"GSM7717090","PWH28","Wound30","Fibroblast",2.996705,0.12755314
"GSM7717089","PWH28","Wound7","Fibroblast",-3.201277,0.34329176
"GSM7717083","PWH27","Skin","Fibroblast",-1.9808308,-0.40522096
"GSM7717079","PWH26","Skin","Fibroblast",-3.9958801,-1.3534846
"GSM7717087","PWH28","Skin","Fibroblast",-2.7641938,1.6121554
"GSM7717087","PWH28","Skin","Fibroblast",-2.6019979,0.44650528
"GSM7717087","PWH28","Skin","Fibroblast",-2.554005,-2.6877859
"GSM7717086","PWH27","Wound30","Fibroblast",2.371593,-0.5790874
"GSM7717086","PWH27","Wound30","Fibroblast",1.9714686,-0.506909
"GSM7717086","PWH27","Wound30","Fibroblast",3.6625502,0.14451037
"GSM7717085","PWH27","Wound7","Fibroblast",0.10264614,0.5560337
"GSM7717085","PWH27","Wound7","Fibroblast",-0.41187015,0.86430645
"GSM7717090","PWH28","Wound30","Fibroblast",3.235277,0.061450228
"GSM7717084","PWH27","Wound1","Fibroblast",-0.9599401,-0.19987491
"GSM7717082","PWH26","Wound30","Fibroblast",3.151649,-0.085352354
"GSM7717090","PWH28","Wound30","Fibroblast",2.6808968,0.15165041
"GSM7717090","PWH28","Wound30","Fibroblast",2.532752,-0.16380215
"GSM7717085","PWH27","Wound7","Fibroblast",2.2482762,0.09203704
"GSM7717086","PWH27","Wound30","Fibroblast",-2.0982227,-0.47106436
"GSM7717090","PWH28","Wound30","Fibroblast",-1.8324872,1.1404687
"GSM7717090","PWH28","Wound30","Fibroblast",2.7217414,0.27517858
"GSM7717086","PWH27","Wound30","Fibroblast",3.1555347,-0.18581755
"GSM7717085","PWH27","Wound7","Fibroblast",1.7318113,0.40403536
"GSM7717085","PWH27","Wound7","Fibroblast",0.2387984,0.010567249
"GSM7717086","PWH27","Wound30","Fibroblast",0.24623813,0.8529124
"GSM7717086","PWH27","Wound30","Fibroblast",2.7121918,-0.25385928
"GSM7717083","PWH27","Skin","Fibroblast",-2.3769577,-2.8058388
"GSM7717080","PWH26","Wound1","Fibroblast",-3.6350708,-1.082103
"GSM7717079","PWH26","Skin","Fibroblast",-3.2552388,2.3111494
"GSM7717086","PWH27","Wound30","Fibroblast",-2.151102,-0.20774402
"GSM7717086","PWH27","Wound30","Fibroblast",2.2738125,-0.08630011
"GSM7717090","PWH28","Wound30","Fibroblast",2.6457543,-0.20174402
"GSM7717084","PWH27","Wound1","Fibroblast",-2.3458388,1.6318086
"GSM7717090","PWH28","Wound30","Fibroblast",3.2562752,-0.008849221
"GSM7717090","PWH28","Wound30","Fibroblast",3.1939192,0.021468868
"GSM7717088","PWH28","Wound1","Fibroblast",-2.3778884,1.2125987
"GSM7717089","PWH28","Wound7","Fibroblast",2.88305,-0.57856774
"GSM7717086","PWH27","Wound30","Fibroblast",0.7131763,0.4001555
"GSM7717089","PWH28","Wound7","Fibroblast",-0.7740246,0.16689639
"GSM7717089","PWH28","Wound7","Fibroblast",-3.6986117,0.8301952
"GSM7717085","PWH27","Wound7","Fibroblast",0.99551946,0.055062335
"GSM7717084","PWH27","Wound1","Fibroblast",-3.3205295,3.2072036
"GSM7717085","PWH27","Wound7","Fibroblast",0.13955039,0.41508657
"GSM7717082","PWH26","Wound30","Fibroblast",0.120752126,-0.63078153
"GSM7717084","PWH27","Wound1","Fibroblast",-1.870439,3.1087234
"GSM7717090","PWH28","Wound30","Fibroblast",2.9920342,-0.25463235
"GSM7717090","PWH28","Wound30","Fibroblast",-3.9358325,0.5293384
"GSM7717082","PWH26","Wound30","Fibroblast",2.5148294,0.03822083
"GSM7717090","PWH28","Wound30","Fibroblast",3.1899066,-0.14414164
"GSM7717082","PWH26","Wound30","Fibroblast",1.9337256,0.726709
"GSM7717085","PWH27","Wound7","Fibroblast",-3.6125646,2.8692265
"GSM7717084","PWH27","Wound1","Fibroblast",-4.4095826,2.210627
"GSM7717086","PWH27","Wound30","Fibroblast",0.23147231,-1.2810601
"GSM7717082","PWH26","Wound30","Fibroblast",0.19283475,0.08974773
"GSM7717084","PWH27","Wound1","Fibroblast",-2.1399786,2.6613445
"GSM7717086","PWH27","Wound30","Fibroblast",2.964116,0.10722872
"GSM7717088","PWH28","Wound1","Fibroblast",-0.53548336,2.391519
"GSM7717090","PWH28","Wound30","Fibroblast",3.6615722,-0.18548593
"GSM7717081","PWH26","Wound7","Fibroblast",-2.6636798,-0.7712789
"GSM7717086","PWH27","Wound30","Fibroblast",2.528074,-0.1915963
"GSM7717082","PWH26","Wound30","Fibroblast",4.0036945,0.19898613
"GSM7717080","PWH26","Wound1","Fibroblast",-2.6703343,2.453301
"GSM7717088","PWH28","Wound1","Fibroblast",-1.441575,0.9854373
"GSM7717079","PWH26","Skin","Fibroblast",-4.064286,-0.2767393
"GSM7717087","PWH28","Skin","Fibroblast",-2.6487556,0.94570357
"GSM7717079","PWH26","Skin","Fibroblast",-3.535526,-1.3570083
"GSM7717079","PWH26","Skin","Fibroblast",-2.9519448,-1.1169738
"GSM7717080","PWH26","Wound1","Fibroblast",-3.8068497,1.8239822
"GSM7717089","PWH28","Wound7","Fibroblast",0.80569917,0.836868
"GSM7717085","PWH27","Wound7","Fibroblast",1.1554048,1.5827076
"GSM7717081","PWH26","Wound7","Fibroblast",2.5546374,0.15660271
"GSM7717085","PWH27","Wound7","Fibroblast",-3.3694599,0.82527983
"GSM7717087","PWH28","Skin","Fibroblast",-2.6447399,-1.2360622
"GSM7717090","PWH28","Wound30","Fibroblast",2.6230953,0.14469345
"GSM7717081","PWH26","Wound7","Fibroblast",1.5411847,0.9853923
"GSM7717082","PWH26","Wound30","Fibroblast",2.602202,-0.009300599
"GSM7717086","PWH27","Wound30","Fibroblast",1.3927759,0.6284961
"GSM7717085","PWH27","Wound7","Fibroblast",1.381844,0.2166594
"GSM7717085","PWH27","Wound7","Fibroblast",-3.1012864,-0.37783584
"GSM7717090","PWH28","Wound30","Fibroblast",2.9560964,-0.07063124
"GSM7717086","PWH27","Wound30","Fibroblast",0.30617863,1.519163
"GSM7717083","PWH27","Skin","Fibroblast",-3.3953972,-1.0283338
"GSM7717090","PWH28","Wound30","Fibroblast",2.6370828,-0.21957986
"GSM7717086","PWH27","Wound30","Fibroblast",3.1222577,0.6220674
"GSM7717085","PWH27","Wound7","Fibroblast",0.12700003,0.8310432
"GSM7717086","PWH27","Wound30","Fibroblast",3.024834,0.6589704
"GSM7717087","PWH28","Skin","Fibroblast",-2.9794753,3.209516
"GSM7717090","PWH28","Wound30","Fibroblast",2.4406896,0.03631944
"GSM7717085","PWH27","Wound7","Fibroblast",-0.29190952,0.6498742
"GSM7717090","PWH28","Wound30","Fibroblast",0.47717795,0.04287344
"GSM7717084","PWH27","Wound1","Fibroblast",-1.912024,1.4429516
"GSM7717079","PWH26","Skin","Fibroblast",-3.1927269,-2.540077
"GSM7717085","PWH27","Wound7","Fibroblast",1.2698442,2.6397312
"GSM7717080","PWH26","Wound1","Fibroblast",-3.9646158,-0.26992744
"GSM7717087","PWH28","Skin","Fibroblast",-1.6542947,-2.2142258
"GSM7717079","PWH26","Skin","Fibroblast",-0.29421878,-0.74648017
"GSM7717087","PWH28","Skin","Fibroblast",-1.6716851,-1.881503
"GSM7717090","PWH28","Wound30","Fibroblast",3.0595222,0.07652876
"GSM7717089","PWH28","Wound7","Fibroblast",-1.2623516,1.6361153
"GSM7717087","PWH28","Skin","Fibroblast",-4.0533895,0.7582459
"GSM7717082","PWH26","Wound30","Fibroblast",2.9918199,0.053051047
"GSM7717079","PWH26","Skin","Fibroblast",-3.89469,0.85595745
"GSM7717090","PWH28","Wound30","Fibroblast",-1.8806094,1.8455508
"GSM7717082","PWH26","Wound30","Fibroblast",-2.544035,-0.45581424
"GSM7717085","PWH27","Wound7","Fibroblast",-1.931022,0.63102126
"GSM7717079","PWH26","Skin","Fibroblast",-3.4568594,0.3144762
"GSM7717089","PWH28","Wound7","Fibroblast",1.4310644,0.21815144
"GSM7717079","PWH26","Skin","Fibroblast",-3.8368857,0.42283562
"GSM7717085","PWH27","Wound7","Fibroblast",-2.988703,0.64902526
"GSM7717085","PWH27","Wound7","Fibroblast",0.30777046,0.70327145
"GSM7717079","PWH26","Skin","Fibroblast",-3.4161124,-0.0938297
"GSM7717089","PWH28","Wound7","Fibroblast",2.7766044,-0.08274417
"GSM7717087","PWH28","Skin","Fibroblast",-2.9351523,-1.3887092
"GSM7717090","PWH28","Wound30","Fibroblast",-2.6217935,-0.09344235
"GSM7717090","PWH28","Wound30","Fibroblast",1.8110868,0.21131854
"GSM7717082","PWH26","Wound30","Fibroblast",3.084517,0.04680668
"GSM7717086","PWH27","Wound30","Fibroblast",2.590008,-0.017206032
"GSM7717083","PWH27","Skin","Fibroblast",-0.6264592,-1.2218573
"GSM7717085","PWH27","Wound7","Fibroblast",-1.0123016,1.8578559
"GSM7717085","PWH27","Wound7","Fibroblast",-3.7419214,0.42937052
"GSM7717090","PWH28","Wound30","Fibroblast",2.9400811,0.4800409
"GSM7717082","PWH26","Wound30","Fibroblast",3.3200288,-0.06098965
"GSM7717090","PWH28","Wound30","Fibroblast",3.7310777,-0.18706384
"GSM7717086","PWH27","Wound30","Fibroblast",-1.867151,0.7250824
"GSM7717085","PWH27","Wound7","Fibroblast",3.0773983,-0.37928176
"GSM7717083","PWH27","Skin","Fibroblast",0.31885067,0.2716129
"GSM7717083","PWH27","Skin","Fibroblast",-3.424888,-0.059117597
"GSM7717090","PWH28","Wound30","Fibroblast",2.5787613,0.37418646
"GSM7717084","PWH27","Wound1","Fibroblast",0.17461197,0.88946146
"GSM7717086","PWH27","Wound30","Fibroblast",-0.11504147,0.33219573
"GSM7717081","PWH26","Wound7","Fibroblast",1.4315867,0.26957703
"GSM7717082","PWH26","Wound30","Fibroblast",2.0360901,0.6598598
"GSM7717081","PWH26","Wound7","Fibroblast",1.3619226,0.87548625
"GSM7717090","PWH28","Wound30","Fibroblast",2.9338515,0.273872
"GSM7717079","PWH26","Skin","Fibroblast",-2.69139,-2.099843
"GSM7717086","PWH27","Wound30","Fibroblast",2.585441,-0.04319456
"GSM7717083","PWH27","Skin","Fibroblast",-1.9786708,-2.6048121
"GSM7717090","PWH28","Wound30","Fibroblast",-2.7541788,-0.11586086
"GSM7717085","PWH27","Wound7","Fibroblast",2.5451725,0.52046394
"GSM7717086","PWH27","Wound30","Fibroblast",2.4127996,-0.37741113
"GSM7717086","PWH27","Wound30","Fibroblast",3.4137216,-0.17764314
"GSM7717086","PWH27","Wound30","Fibroblast",2.6283226,2.182785
"GSM7717086","PWH27","Wound30","Fibroblast",3.0477731,-0.14771941
"GSM7717081","PWH26","Wound7","Fibroblast",-1.582731,-0.89207894
"GSM7717086","PWH27","Wound30","Fibroblast",1.4096687,-0.11122997
"GSM7717085","PWH27","Wound7","Fibroblast",0.2449161,0.9208944
"GSM7717081","PWH26","Wound7","Fibroblast",-2.299921,2.5408866
"GSM7717082","PWH26","Wound30","Fibroblast",-0.700601,-0.48470634
"GSM7717085","PWH27","Wound7","Fibroblast",-1.482323,-0.09145159
"GSM7717086","PWH27","Wound30","Fibroblast",2.5514593,0.16136824
"GSM7717087","PWH28","Skin","Fibroblast",-1.9785408,-0.6760537
"GSM7717082","PWH26","Wound30","Fibroblast",-3.3196642,-0.02652266
"GSM7717087","PWH28","Skin","Fibroblast",-2.9002843,0.9024414
"GSM7717086","PWH27","Wound30","Fibroblast",-1.2026358,-0.1594295
"GSM7717082","PWH26","Wound30","Fibroblast",-2.3424232,-0.91056335
"GSM7717081","PWH26","Wound7","Fibroblast",-1.9656286,-0.9166814
"GSM7717083","PWH27","Skin","Fibroblast",-3.0685463,-0.19111429
"GSM7717086","PWH27","Wound30","Fibroblast",2.9094841,-0.015666887
"GSM7717079","PWH26","Skin","Fibroblast",-3.6602037,-0.50870067
"GSM7717082","PWH26","Wound30","Fibroblast",1.5919368,0.12847276
"GSM7717085","PWH27","Wound7","Fibroblast",-3.5341144,1.8522872
"GSM7717086","PWH27","Wound30","Fibroblast",-2.3476076,-1.6580335
"GSM7717082","PWH26","Wound30","Fibroblast",-1.7250296,-0.26139337
"GSM7717085","PWH27","Wound7","Fibroblast",0.5162894,0.1346881
"GSM7717083","PWH27","Skin","Fibroblast",-3.4393651,-2.2907388
"GSM7717079","PWH26","Skin","Fibroblast",-2.194718,-1.7707459
"GSM7717082","PWH26","Wound30","Fibroblast",-2.2417161,-1.1019939
"GSM7717086","PWH27","Wound30","Fibroblast",0.17078225,-0.74536544
"GSM7717085","PWH27","Wound7","Fibroblast",-0.4389658,1.8502042
"GSM7717086","PWH27","Wound30","Fibroblast",-0.14467712,-1.281096
"GSM7717079","PWH26","Skin","Fibroblast",-2.6763446,1.2937138
"GSM7717085","PWH27","Wound7","Fibroblast",0.47011766,0.70087445
"GSM7717086","PWH27","Wound30","Fibroblast",2.4815576,-0.1437129
"GSM7717083","PWH27","Skin","Fibroblast",-0.88184,0.808259
"GSM7717085","PWH27","Wound7","Fibroblast",0.0546589,0.65215
"GSM7717090","PWH28","Wound30","Fibroblast",-1.8852125,-0.1388511
"GSM7717082","PWH26","Wound30","Fibroblast",2.812859,-0.08602504
"GSM7717090","PWH28","Wound30","Fibroblast",3.2304487,-0.104918614
"GSM7717089","PWH28","Wound7","Fibroblast",0.6220098,-0.46812752
"GSM7717079","PWH26","Skin","Fibroblast",-1.3912336,2.2498922
"GSM7717083","PWH27","Skin","Fibroblast",-2.9644008,2.8688612
"GSM7717086","PWH27","Wound30","Fibroblast",2.9360154,0.058928065
"GSM7717085","PWH27","Wound7","Fibroblast",-1.3531526,0.95399487
"GSM7717085","PWH27","Wound7","Fibroblast",-1.6103455,7.2589393
"GSM7717081","PWH26","Wound7","Fibroblast",0.3504654,-1.4143128
"GSM7717090","PWH28","Wound30","Fibroblast",2.1132817,-0.20839877
"GSM7717090","PWH28","Wound30","Fibroblast",-1.892188,-0.23223265
"GSM7717082","PWH26","Wound30","Fibroblast",1.2671901,0.25853574
"GSM7717086","PWH27","Wound30","Fibroblast",2.9781897,0.059026435
"GSM7717090","PWH28","Wound30","Fibroblast",2.7047493,0.19667636
"GSM7717079","PWH26","Skin","Fibroblast",-2.5485432,1.3696599
"GSM7717080","PWH26","Wound1","Fibroblast",-2.682078,1.6223105
"GSM7717089","PWH28","Wound7","Fibroblast",-3.1341026,0.8137052
"GSM7717085","PWH27","Wound7","Fibroblast",0.93309426,1.3518331
"GSM7717082","PWH26","Wound30","Fibroblast",1.3641974,0.16526368
"GSM7717083","PWH27","Skin","Fibroblast",-2.8957677,4.4828277
"GSM7717087","PWH28","Skin","Fibroblast",-3.1609473,0.41930905
"GSM7717089","PWH28","Wound7","Fibroblast",0.9194527,0.8629688
"GSM7717086","PWH27","Wound30","Fibroblast",0.6408189,-1.7597954
"GSM7717089","PWH28","Wound7","Fibroblast",-2.6826115,-0.6860059
"GSM7717086","PWH27","Wound30","Fibroblast",0.90188617,-0.059058003
"GSM7717090","PWH28","Wound30","Fibroblast",-1.6706096,-1.9222171
"GSM7717090","PWH28","Wound30","Fibroblast",2.9235303,0.12092442
"GSM7717079","PWH26","Skin","Fibroblast",-1.889685,-2.1738486
"GSM7717089","PWH28","Wound7","Fibroblast",0.4346307,0.26833358
"GSM7717086","PWH27","Wound30","Fibroblast",2.6489215,0.800956
"GSM7717081","PWH26","Wound7","Fibroblast",2.3614275,-0.04305252
"GSM7717085","PWH27","Wound7","Fibroblast",0.803002,0.748431
"GSM7717080","PWH26","Wound1","Fibroblast",-0.30785924,2.8640127
"GSM7717083","PWH27","Skin","Fibroblast",-3.302145,0.88758105
"GSM7717089","PWH28","Wound7","Fibroblast",0.7978,0.18315306
"GSM7717090","PWH28","Wound30","Fibroblast",-1.0174192,-0.23929533
"GSM7717086","PWH27","Wound30","Fibroblast",1.5559295,-0.31395036
"GSM7717090","PWH28","Wound30","Fibroblast",3.0375257,0.18861605
"GSM7717086","PWH27","Wound30","Fibroblast",2.873957,-0.008757553
"GSM7717085","PWH27","Wound7","Fibroblast",1.2201848,-0.08383985
"GSM7717080","PWH26","Wound1","Fibroblast",0.5979903,0.27430844
"GSM7717090","PWH28","Wound30","Fibroblast",3.2308545,0.11902909
"GSM7717090","PWH28","Wound30","Fibroblast",2.7106376,0.4136055
"GSM7717090","PWH28","Wound30","Fibroblast",3.4264293,0.08869631
"GSM7717085","PWH27","Wound7","Fibroblast",1.5065651,-0.51616836
"GSM7717087","PWH28","Skin","Fibroblast",-3.5956748,-1.3622423
"GSM7717085","PWH27","Wound7","Fibroblast",-1.5986161,0.8712546
"GSM7717090","PWH28","Wound30","Fibroblast",1.3552213,-0.96300125
"GSM7717083","PWH27","Skin","Fibroblast",-1.124675,-1.7956711
"GSM7717084","PWH27","Wound1","Fibroblast",-1.375932,1.3104069
"GSM7717090","PWH28","Wound30","Fibroblast",2.8056378,-0.031163963
"GSM7717086","PWH27","Wound30","Fibroblast",1.9346611,-0.24880154
"GSM7717090","PWH28","Wound30","Fibroblast",2.8823926,0.0745358
"GSM7717087","PWH28","Skin","Fibroblast",-4.0394754,-1.5806274
"GSM7717085","PWH27","Wound7","Fibroblast",0.1060798,-0.8699286
"GSM7717086","PWH27","Wound30","Fibroblast",-0.7141135,-0.607982
"GSM7717089","PWH28","Wound7","Fibroblast",-1.6542104,0.45374024
"GSM7717085","PWH27","Wound7","Fibroblast",-0.45712024,0.6450127
"GSM7717086","PWH27","Wound30","Fibroblast",1.5828763,0.4280681
"GSM7717081","PWH26","Wound7","Fibroblast",1.8719893,0.038537573
"GSM7717090","PWH28","Wound30","Fibroblast",2.257166,-0.010471657
"GSM7717086","PWH27","Wound30","Fibroblast",3.0591602,0.047758628
"GSM7717085","PWH27","Wound7","Fibroblast",1.5186617,0.27127743
"GSM7717081","PWH26","Wound7","Fibroblast",2.8392835,0.4722274
"GSM7717081","PWH26","Wound7","Fibroblast",0.94738585,0.54782444
"GSM7717080","PWH26","Wound1","Fibroblast",-1.2797834,0.2928927
"GSM7717090","PWH28","Wound30","Fibroblast",-0.9035825,-0.54963845
"GSM7717087","PWH28","Skin","Fibroblast",0.19106261,-1.2431656
"GSM7717090","PWH28","Wound30","Fibroblast",1.513148,-0.7347862
"GSM7717090","PWH28","Wound30","Fibroblast",2.8965933,0.21531947
"GSM7717088","PWH28","Wound1","Fibroblast",-2.5454473,0.28802133
"GSM7717086","PWH27","Wound30","Fibroblast",2.799502,0.17278618
"GSM7717090","PWH28","Wound30","Fibroblast",3.0746245,0.1905963
"GSM7717085","PWH27","Wound7","Fibroblast",-0.06314729,0.28456834
"GSM7717085","PWH27","Wound7","Fibroblast",0.23111004,0.5246475
"GSM7717086","PWH27","Wound30","Fibroblast",-0.9744065,-1.4438102
"GSM7717090","PWH28","Wound30","Fibroblast",-0.3533449,0.058479127
"GSM7717080","PWH26","Wound1","Fibroblast",-2.895328,1.1910217
"GSM7717090","PWH28","Wound30","Fibroblast",0.8458876,0.48693055
"GSM7717090","PWH28","Wound30","Fibroblast",2.9918973,0.40095833
"GSM7717079","PWH26","Skin","Fibroblast",-2.843864,-1.0841115
"GSM7717081","PWH26","Wound7","Fibroblast",-0.5911028,0.58677524
"GSM7717085","PWH27","Wound7","Fibroblast",-1.936115,0.56038564
"GSM7717086","PWH27","Wound30","Fibroblast",-0.6818814,-1.4389328
"GSM7717079","PWH26","Skin","Fibroblast",-3.332552,-2.222613
"GSM7717086","PWH27","Wound30","Fibroblast",2.2376404,-0.27998522
"GSM7717082","PWH26","Wound30","Fibroblast",-2.1283753,2.026262
"GSM7717086","PWH27","Wound30","Fibroblast",3.0294995,-0.22360362
"GSM7717082","PWH26","Wound30","Fibroblast",-0.9249977,-1.5232992
"GSM7717086","PWH27","Wound30","Fibroblast",2.2352026,-0.17026192
"GSM7717081","PWH26","Wound7","Fibroblast",-2.7817247,-0.9869461
"GSM7717085","PWH27","Wound7","Fibroblast",1.2425508,1.1456493
"GSM7717086","PWH27","Wound30","Fibroblast",2.4813917,1.7955717
"GSM7717086","PWH27","Wound30","Fibroblast",2.3779109,-0.21200038
"GSM7717087","PWH28","Skin","Fibroblast",-3.7353039,0.3969065
"GSM7717087","PWH28","Skin","Fibroblast",-1.4889942,0.930029
"GSM7717090","PWH28","Wound30","Fibroblast",2.7961516,-0.00439181
"GSM7717086","PWH27","Wound30","Fibroblast",2.2912076,0.10395984
"GSM7717087","PWH28","Skin","Fibroblast",-3.7415364,-0.22419035
"GSM7717086","PWH27","Wound30","Fibroblast",2.636039,-0.06573853
"GSM7717087","PWH28","Skin","Fibroblast",-2.6007288,-1.5871906
"GSM7717089","PWH28","Wound7","Fibroblast",0.16620268,0.054862447
"GSM7717090","PWH28","Wound30","Fibroblast",3.0679576,0.50944644
"GSM7717085","PWH27","Wound7","Fibroblast",-3.8114793,-0.67911935
"GSM7717090","PWH28","Wound30","Fibroblast",2.9485767,0.28852573
"GSM7717087","PWH28","Skin","Fibroblast",-3.746267,-1.5807043
"GSM7717081","PWH26","Wound7","Fibroblast",0.018001921,1.3555869
"GSM7717090","PWH28","Wound30","Fibroblast",2.6898508,0.38686606
"GSM7717081","PWH26","Wound7","Fibroblast",1.4496915,2.038626
"GSM7717081","PWH26","Wound7","Fibroblast",1.1829901,8.925679
"GSM7717086","PWH27","Wound30","Fibroblast",0.6707523,-0.20735545
"GSM7717086","PWH27","Wound30","Fibroblast",1.2494324,0.55439466
"GSM7717086","PWH27","Wound30","Fibroblast",2.4022045,0.070202306
"GSM7717086","PWH27","Wound30","Fibroblast",1.4638063,-2.1860874
"GSM7717090","PWH28","Wound30","Fibroblast",2.3866518,1.586619
"GSM7717085","PWH27","Wound7","Fibroblast",0.8497212,0.5238904
"GSM7717079","PWH26","Skin","Fibroblast",-3.5114117,-1.105113
"GSM7717085","PWH27","Wound7","Fibroblast",-3.174984,0.6743725
"GSM7717085","PWH27","Wound7","Fibroblast",-3.0709836,0.043964084
"GSM7717086","PWH27","Wound30","Fibroblast",-0.063776635,-1.3454195
"GSM7717083","PWH27","Skin","Fibroblast",-3.243652,-1.262834
"GSM7717086","PWH27","Wound30","Fibroblast",2.8994813,-0.00971955
"GSM7717086","PWH27","Wound30","Fibroblast",2.3821642,-0.027605223
"GSM7717090","PWH28","Wound30","Fibroblast",0.089290895,-1.8970898
"GSM7717082","PWH26","Wound30","Fibroblast",2.1355805,0.20263705
"GSM7717090","PWH28","Wound30","Fibroblast",3.0095053,0.18242219
"GSM7717086","PWH27","Wound30","Fibroblast",2.3495765,0.015532288
"GSM7717081","PWH26","Wound7","Fibroblast",0.6512652,-0.022665193
"GSM7717090","PWH28","Wound30","Fibroblast",2.3299117,-0.32513207
"GSM7717082","PWH26","Wound30","Fibroblast",2.7239928,0.10831171
"GSM7717086","PWH27","Wound30","Fibroblast",-1.593885,-0.7827797
"GSM7717082","PWH26","Wound30","Fibroblast",-2.245195,-1.2454556
"GSM7717080","PWH26","Wound1","Fibroblast",-3.1697237,0.035554815
"GSM7717079","PWH26","Skin","Fibroblast",-3.4341877,-1.4384624
"GSM7717085","PWH27","Wound7","Fibroblast",1.0417212,0.7463729
"GSM7717090","PWH28","Wound30","Fibroblast",3.3283153,0.20459338
"GSM7717082","PWH26","Wound30","Fibroblast",0.27454823,1.083088
"GSM7717085","PWH27","Wound7","Fibroblast",-2.6198454,-0.060235534
"GSM7717090","PWH28","Wound30","Fibroblast",3.1288335,0.11116496
"GSM7717079","PWH26","Skin","Fibroblast",-2.265029,0.011306836
"GSM7717090","PWH28","Wound30","Fibroblast",2.7137153,0.044660743
"GSM7717089","PWH28","Wound7","Fibroblast",0.7898604,-2.6072812
"GSM7717085","PWH27","Wound7","Fibroblast",-2.802029,1.5770323
"GSM7717087","PWH28","Skin","Fibroblast",-3.0204504,1.812999
"GSM7717087","PWH28","Skin","Fibroblast",-2.4287767,3.5725224
"GSM7717086","PWH27","Wound30","Fibroblast",1.8283439,-0.005597559
"GSM7717085","PWH27","Wound7","Fibroblast",-1.9434363,-1.2887001
"GSM7717086","PWH27","Wound30","Fibroblast",1.7436285,0.08165368
"GSM7717089","PWH28","Wound7","Fibroblast",-3.6101046,1.983802
"GSM7717082","PWH26","Wound30","Fibroblast",2.8131704,0.20599538
"GSM7717086","PWH27","Wound30","Fibroblast",3.1587567,0.32222128
"GSM7717082","PWH26","Wound30","Fibroblast",-0.31309575,0.94888955
"GSM7717086","PWH27","Wound30","Fibroblast",0.8486247,0.26066437
"GSM7717089","PWH28","Wound7","Fibroblast",-0.6499397,-0.0026906133
"GSM7717079","PWH26","Skin","Fibroblast",-3.827826,0.28562677
"GSM7717090","PWH28","Wound30","Fibroblast",3.052494,0.41414037
"GSM7717086","PWH27","Wound30","Fibroblast",2.8607976,0.11447573
"GSM7717079","PWH26","Skin","Fibroblast",-3.0161252,2.717089
"GSM7717090","PWH28","Wound30","Fibroblast",3.2488756,0.26503527
"GSM7717082","PWH26","Wound30","Fibroblast",3.0188584,0.01686077
"GSM7717090","PWH28","Wound30","Fibroblast",2.0476274,-0.4283173
"GSM7717085","PWH27","Wound7","Fibroblast",2.9230745,-0.16761352
"GSM7717086","PWH27","Wound30","Fibroblast",2.493437,-0.3324949
"GSM7717086","PWH27","Wound30","Fibroblast",0.5528373,0.5104522
"GSM7717090","PWH28","Wound30","Fibroblast",3.0078194,0.13093291
"GSM7717085","PWH27","Wound7","Fibroblast",1.0052319,1.0884843
"GSM7717090","PWH28","Wound30","Fibroblast",-1.2523198,1.140422
"GSM7717089","PWH28","Wound7","Fibroblast",1.5354078,-1.9098713
"GSM7717085","PWH27","Wound7","Fibroblast",0.2109105,1.6289233
"GSM7717079","PWH26","Skin","Fibroblast",-2.9947174,-0.23670869
"GSM7717090","PWH28","Wound30","Fibroblast",1.123389,-0.1301851
"GSM7717087","PWH28","Skin","Fibroblast",-1.7629209,-1.1260536
"GSM7717079","PWH26","Skin","Fibroblast",-3.2948966,3.4428897
"GSM7717081","PWH26","Wound7","Fibroblast",2.371753,0.22858752
"GSM7717081","PWH26","Wound7","Fibroblast",2.347988,-0.031959236
"GSM7717083","PWH27","Skin","Fibroblast",-3.5260623,-1.4511575
"GSM7717085","PWH27","Wound7","Fibroblast",-3.4914556,2.6196108
"GSM7717085","PWH27","Wound7","Fibroblast",1.0063539,0.669018
"GSM7717085","PWH27","Wound7","Fibroblast",1.0519917,0.47842014
"GSM7717090","PWH28","Wound30","Fibroblast",2.679554,0.33900452
"GSM7717085","PWH27","Wound7","Fibroblast",1.0681082,0.43528724
"GSM7717090","PWH28","Wound30","Fibroblast",2.7898529,0.24890295
"GSM7717079","PWH26","Skin","Fibroblast",-3.6049104,1.5117202
"GSM7717087","PWH28","Skin","Fibroblast",1.9587138,-0.68485516
"GSM7717082","PWH26","Wound30","Fibroblast",2.0078099,0.26487026
"GSM7717087","PWH28","Skin","Fibroblast",-1.2935169,1.2065978
"GSM7717085","PWH27","Wound7","Fibroblast",2.9375682,0.20284268
"GSM7717086","PWH27","Wound30","Fibroblast",1.6177496,-2.1611562
"GSM7717089","PWH28","Wound7","Fibroblast",0.026978778,1.1427513
"GSM7717083","PWH27","Skin","Fibroblast",-2.1002703,-2.1267715
"GSM7717087","PWH28","Skin","Fibroblast",-0.9872867,-1.4290321
"GSM7717085","PWH27","Wound7","Fibroblast",2.581902,0.01737802
"GSM7717090","PWH28","Wound30","Fibroblast",3.1683762,0.27992865
"GSM7717079","PWH26","Skin","Fibroblast",-3.5782099,-2.0540879
"GSM7717085","PWH27","Wound7","Fibroblast",0.22822212,-1.5972127
"GSM7717085","PWH27","Wound7","Fibroblast",0.6115597,-0.70827675
"GSM7717089","PWH28","Wound7","Fibroblast",-1.6934973,-1.1285778
"GSM7717088","PWH28","Wound1","Fibroblast",-0.66442615,-0.5516667
"GSM7717085","PWH27","Wound7","Fibroblast",0.60535014,1.2288085
"GSM7717086","PWH27","Wound30","Fibroblast",-0.25328752,-0.39728487
"GSM7717083","PWH27","Skin","Fibroblast",-3.9702375,-0.5476034
"GSM7717085","PWH27","Wound7","Fibroblast",0.5114376,0.5837476
"GSM7717085","PWH27","Wound7","Fibroblast",-3.669943,1.2690469
"GSM7717083","PWH27","Skin","Fibroblast",-2.8383129,-1.8114396
"GSM7717085","PWH27","Wound7","Fibroblast",-0.061474238,0.20141236
"GSM7717079","PWH26","Skin","Fibroblast",-3.74331,-1.1789923
"GSM7717086","PWH27","Wound30","Fibroblast",-0.074582376,-0.27579314
"GSM7717086","PWH27","Wound30","Fibroblast",-0.6521942,-1.0432633
"GSM7717080","PWH26","Wound1","Fibroblast",-3.296038,0.060705658
"GSM7717085","PWH27","Wound7","Fibroblast",1.5175626,0.52236634
"GSM7717086","PWH27","Wound30","Fibroblast",2.2144852,0.10499975
"GSM7717089","PWH28","Wound7","Fibroblast",-1.8607304,-1.2197161
"GSM7717087","PWH28","Skin","Fibroblast",-1.9297501,4.8405733
"GSM7717082","PWH26","Wound30","Fibroblast",-0.53208864,-1.3625393
"GSM7717082","PWH26","Wound30","Fibroblast",1.4689696,0.4786934
"GSM7717085","PWH27","Wound7","Fibroblast",-0.9218052,0.72746336
"GSM7717089","PWH28","Wound7","Fibroblast",1.5909109,-0.5517515
"GSM7717081","PWH26","Wound7","Fibroblast",1.617818,0.43754432
"GSM7717087","PWH28","Skin","Fibroblast",-3.4404995,-1.2328336
"GSM7717085","PWH27","Wound7","Fibroblast",2.8169844,0.12114483
"GSM7717085","PWH27","Wound7","Fibroblast",0.6268118,1.3990027
"GSM7717085","PWH27","Wound7","Fibroblast",0.9774003,0.79520607
"GSM7717081","PWH26","Wound7","Fibroblast",-1.2311759,-0.22933272
"GSM7717090","PWH28","Wound30","Fibroblast",0.99039394,0.09190831
"GSM7717089","PWH28","Wound7","Fibroblast",-0.59837824,0.5692204
"GSM7717085","PWH27","Wound7","Fibroblast",-0.17904752,1.5356534
"GSM7717090","PWH28","Wound30","Fibroblast",2.3053205,-0.014444874
"GSM7717090","PWH28","Wound30","Fibroblast",2.4410918,-0.603235
"GSM7717090","PWH28","Wound30","Fibroblast",-0.37965518,0.5311739
"GSM7717085","PWH27","Wound7","Fibroblast",0.8009549,1.1351461
"GSM7717085","PWH27","Wound7","Fibroblast",1.3684133,0.7782867
"GSM7717086","PWH27","Wound30","Fibroblast",2.1872168,0.43895867
"GSM7717089","PWH28","Wound7","Fibroblast",-3.1250038,1.5825312
"GSM7717085","PWH27","Wound7","Fibroblast",-0.17475829,-0.030728564
"GSM7717081","PWH26","Wound7","Fibroblast",0.5877891,-0.3942105
"GSM7717085","PWH27","Wound7","Fibroblast",0.9860637,1.0554836
"GSM7717090","PWH28","Wound30","Fibroblast",0.35720786,0.51457477
"GSM7717086","PWH27","Wound30","Fibroblast",1.7245548,-0.07387725
"GSM7717087","PWH28","Skin","Fibroblast",-2.7713218,-1.6175427
"GSM7717090","PWH28","Wound30","Fibroblast",3.247789,0.59317696
"GSM7717085","PWH27","Wound7","Fibroblast",1.8954148,0.35142684
"GSM7717089","PWH28","Wound7","Fibroblast",-4.0082173,2.0058527
"GSM7717090","PWH28","Wound30","Fibroblast",2.7467813,0.3036605
"GSM7717079","PWH26","Skin","Fibroblast",-1.6004701,-0.103032924
"GSM7717087","PWH28","Skin","Fibroblast",-1.2964039,-2.899192
"GSM7717079","PWH26","Skin","Fibroblast",-3.2475688,-0.37102106
"GSM7717082","PWH26","Wound30","Fibroblast",2.6386905,-0.07331462
"GSM7717085","PWH27","Wound7","Fibroblast",0.33520705,1.397161
"GSM7717086","PWH27","Wound30","Fibroblast",2.0337791,0.036177196
"GSM7717086","PWH27","Wound30","Fibroblast",2.8202915,0.14785859
"GSM7717090","PWH28","Wound30","Fibroblast",3.6851225,-0.15534177
"GSM7717090","PWH28","Wound30","Fibroblast",0.022141194,-0.073750444
"GSM7717086","PWH27","Wound30","Fibroblast",2.503819,-0.21400023
"GSM7717079","PWH26","Skin","Fibroblast",-3.8258374,2.0026832
"GSM7717085","PWH27","Wound7","Fibroblast",-2.0144372,0.30203256
"GSM7717079","PWH26","Skin","Fibroblast",-1.7761185,-1.0114195
"GSM7717090","PWH28","Wound30","Fibroblast",2.6290166,0.16527137
"GSM7717086","PWH27","Wound30","Fibroblast",3.0922174,0.031157376
"GSM7717083","PWH27","Skin","Fibroblast",-2.3538969,-0.8615536
"GSM7717082","PWH26","Wound30","Fibroblast",-1.5306208,-0.7792535
"GSM7717085","PWH27","Wound7","Fibroblast",-0.50532794,1.5065519
"GSM7717086","PWH27","Wound30","Fibroblast",2.7045403,0.02561444
"GSM7717090","PWH28","Wound30","Fibroblast",3.1159577,-1.929978
"GSM7717079","PWH26","Skin","Fibroblast",-1.9229809,-1.9856244
"GSM7717083","PWH27","Skin","Fibroblast",0.457449,-2.1552503
"GSM7717086","PWH27","Wound30","Fibroblast",2.5561678,-0.56073195
"GSM7717081","PWH26","Wound7","Fibroblast",-0.39015102,-1.017638
"GSM7717084","PWH27","Wound1","Fibroblast",-2.9450784,3.428768
"GSM7717086","PWH27","Wound30","Fibroblast",2.9471955,0.21436256
"GSM7717087","PWH28","Skin","Fibroblast",-2.3914635,-1.9966143
"GSM7717086","PWH27","Wound30","Fibroblast",3.011451,0.34940916
"GSM7717085","PWH27","Wound7","Fibroblast",-1.9135344,1.1828054
"GSM7717079","PWH26","Skin","Fibroblast",-3.5382524,-0.5457902
"GSM7717082","PWH26","Wound30","Fibroblast",0.5906978,0.19863866
"GSM7717085","PWH27","Wound7","Fibroblast",-4.433854,0.18058687
"GSM7717086","PWH27","Wound30","Fibroblast",1.6938322,0.20972659
"GSM7717084","PWH27","Wound1","Fibroblast",-3.356457,4.239659
"GSM7717081","PWH26","Wound7","Fibroblast",-0.7382282,-1.4827348
"GSM7717079","PWH26","Skin","Fibroblast",-2.8402,-1.328621
"GSM7717082","PWH26","Wound30","Fibroblast",2.3658295,0.025757354
"GSM7717086","PWH27","Wound30","Fibroblast",2.650983,-0.05871359
"GSM7717081","PWH26","Wound7","Fibroblast",1.8043562,0.039712638
"GSM7717085","PWH27","Wound7","Fibroblast",-0.34586,1.7045021
"GSM7717084","PWH27","Wound1","Fibroblast",-2.6483421,0.3352713
"GSM7717083","PWH27","Skin","Fibroblast",-2.8669014,-1.1516072
"GSM7717087","PWH28","Skin","Fibroblast",-2.5613904,-1.3546617
"GSM7717086","PWH27","Wound30","Fibroblast",2.6369057,0.0068767145
"GSM7717082","PWH26","Wound30","Fibroblast",3.103847,0.06869924
"GSM7717088","PWH28","Wound1","Fibroblast",-1.2977657,1.9709384
"GSM7717082","PWH26","Wound30","Fibroblast",2.5340931,0.16579226
"GSM7717087","PWH28","Skin","Fibroblast",-3.5366507,-1.0452783
"GSM7717086","PWH27","Wound30","Fibroblast",2.3872736,-0.13653816
"GSM7717086","PWH27","Wound30","Fibroblast",3.2782767,-0.13917263
"GSM7717090","PWH28","Wound30","Fibroblast",2.3847644,-0.24381778
"GSM7717089","PWH28","Wound7","Fibroblast",-1.4430482,-0.0745103
"GSM7717089","PWH28","Wound7","Fibroblast",-1.0750091,-0.17603752
"GSM7717085","PWH27","Wound7","Fibroblast",-2.639635,0.08530537
"GSM7717089","PWH28","Wound7","Fibroblast",-4.167451,2.1689494
"GSM7717082","PWH26","Wound30","Fibroblast",-3.3866258,1.7618461
"GSM7717086","PWH27","Wound30","Fibroblast",1.8977995,-0.4918521
"GSM7717083","PWH27","Skin","Fibroblast",-2.857454,-0.9127682
"GSM7717090","PWH28","Wound30","Fibroblast",3.1579328,0.2489127
"GSM7717086","PWH27","Wound30","Fibroblast",-3.5898402,2.580777
"GSM7717083","PWH27","Skin","Fibroblast",0.2606945,0.7565168
"GSM7717086","PWH27","Wound30","Fibroblast",3.6775563,-0.33254394
"GSM7717085","PWH27","Wound7","Fibroblast",0.62816405,0.9331326
"GSM7717085","PWH27","Wound7","Fibroblast",1.5173719,0.12313483
"GSM7717090","PWH28","Wound30","Fibroblast",3.0495696,0.55384946
"GSM7717090","PWH28","Wound30","Fibroblast",-2.74247,0.71898407
"GSM7717082","PWH26","Wound30","Fibroblast",2.7615194,0.22044295
"GSM7717086","PWH27","Wound30","Fibroblast",2.5015583,-0.05923838
"GSM7717079","PWH26","Skin","Fibroblast",-3.6051342,0.3227211
"GSM7717085","PWH27","Wound7","Fibroblast",1.0572394,-0.73995566
"GSM7717090","PWH28","Wound30","Fibroblast",3.4253113,0.3021344
"GSM7717084","PWH27","Wound1","Fibroblast",-1.6065089,-1.3911012
"GSM7717087","PWH28","Skin","Fibroblast",-1.9212328,-2.0550206
"GSM7717079","PWH26","Skin","Fibroblast",-2.554651,-1.6542836
"GSM7717090","PWH28","Wound30","Fibroblast",-2.036133,-1.4421474
"GSM7717083","PWH27","Skin","Fibroblast",-2.796041,-1.1595545
"GSM7717085","PWH27","Wound7","Fibroblast",-1.4431375,0.8783274
"GSM7717081","PWH26","Wound7","Fibroblast",0.9651785,0.5010017
"GSM7717086","PWH27","Wound30","Fibroblast",2.9944212,-0.19627766
"GSM7717090","PWH28","Wound30","Fibroblast",3.084177,0.29711863
"GSM7717084","PWH27","Wound1","Fibroblast",-2.0700674,-0.5341326
"GSM7717079","PWH26","Skin","Fibroblast",-1.9862938,-2.9739249
"GSM7717089","PWH28","Wound7","Fibroblast",-3.7818847,1.2535849
"GSM7717086","PWH27","Wound30","Fibroblast",2.7902868,-0.072347336
"GSM7717089","PWH28","Wound7","Fibroblast",-2.4184709,-0.08206961
"GSM7717086","PWH27","Wound30","Fibroblast",1.3892752,-0.339781
"GSM7717085","PWH27","Wound7","Fibroblast",0.7012584,1.2178816
"GSM7717085","PWH27","Wound7","Fibroblast",-0.46119305,0.99473244
"GSM7717079","PWH26","Skin","Fibroblast",-3.6992047,-0.37812567
"GSM7717090","PWH28","Wound30","Fibroblast",0.7932038,0.73108387
"GSM7717086","PWH27","Wound30","Fibroblast",0.41816598,-0.38423407
"GSM7717086","PWH27","Wound30","Fibroblast",2.8401577,-0.24262209
"GSM7717081","PWH26","Wound7","Fibroblast",1.4013984,0.63905036
"GSM7717087","PWH28","Skin","Fibroblast",-3.0979915,2.5015094
"GSM7717086","PWH27","Wound30","Fibroblast",2.9152086,0.09275716
"GSM7717086","PWH27","Wound30","Fibroblast",1.5814708,-0.92243445
"GSM7717079","PWH26","Skin","Fibroblast",-4.444293,2.898017
"GSM7717086","PWH27","Wound30","Fibroblast",2.9644182,-0.161184
"GSM7717079","PWH26","Skin","Fibroblast",-3.204711,-0.46625045
"GSM7717085","PWH27","Wound7","Fibroblast",-0.9623789,-0.6108016
"GSM7717090","PWH28","Wound30","Fibroblast",2.910798,0.24256134
"GSM7717082","PWH26","Wound30","Fibroblast",-1.3196232,-1.6300507
"GSM7717079","PWH26","Skin","Fibroblast",-0.15178853,-0.74350834
"GSM7717085","PWH27","Wound7","Fibroblast",-2.5534897,-1.3497303
"GSM7717090","PWH28","Wound30","Fibroblast",2.833093,0.12180915
"GSM7717079","PWH26","Skin","Fibroblast",-2.8517442,-1.8436359
"GSM7717085","PWH27","Wound7","Fibroblast",2.9172597,0.17834067
"GSM7717090","PWH28","Wound30","Fibroblast",-3.2904384,0.74659115
"GSM7717086","PWH27","Wound30","Fibroblast",2.8043928,0.48500118
"GSM7717081","PWH26","Wound7","Fibroblast",-0.88953304,-0.15269549
"GSM7717090","PWH28","Wound30","Fibroblast",0.13235828,-0.051435426
"GSM7717086","PWH27","Wound30","Fibroblast",-3.9944022,0.14251225
"GSM7717087","PWH28","Skin","Fibroblast",-3.9782774,-1.1706487
"GSM7717087","PWH28","Skin","Fibroblast",-3.879393,0.82805467
"GSM7717088","PWH28","Wound1","Fibroblast",-2.7400208,-0.61250055
"GSM7717086","PWH27","Wound30","Fibroblast",-0.1367523,-1.5417409
"GSM7717082","PWH26","Wound30","Fibroblast",-3.74137,0.50299585
"GSM7717086","PWH27","Wound30","Fibroblast",0.85077685,0.2003479
"GSM7717086","PWH27","Wound30","Fibroblast",-2.7342055,0.44092885
"GSM7717084","PWH27","Wound1","Fibroblast",-2.6733916,-0.30806375
"GSM7717090","PWH28","Wound30","Fibroblast",2.2288494,-0.0091584865
"GSM7717086","PWH27","Wound30","Fibroblast",2.717039,0.22464573
"GSM7717083","PWH27","Skin","Fibroblast",-3.2172246,2.515032
"GSM7717087","PWH28","Skin","Fibroblast",-3.7783082,-1.3082638
"GSM7717083","PWH27","Skin","Fibroblast",-2.3520672,0.6974993
"GSM7717087","PWH28","Skin","Fibroblast",-1.7304847,-2.213336
"GSM7717082","PWH26","Wound30","Fibroblast",2.0958586,0.39199296
"GSM7717083","PWH27","Skin","Fibroblast",-3.2794464,1.7301265
"GSM7717089","PWH28","Wound7","Fibroblast",-2.1850972,-0.5483483
"GSM7717086","PWH27","Wound30","Fibroblast",2.9996207,0.26060697
"GSM7717089","PWH28","Wound7","Fibroblast",-3.9281826,1.8919544
"GSM7717090","PWH28","Wound30","Fibroblast",2.4670787,-0.25657448
"GSM7717090","PWH28","Wound30","Fibroblast",-3.2793183,-0.21476391
"GSM7717085","PWH27","Wound7","Fibroblast",-2.22692,-1.2463487
"GSM7717084","PWH27","Wound1","Fibroblast",-2.2592902,0.2919136
"GSM7717090","PWH28","Wound30","Fibroblast",0.40668628,-2.2349594
"GSM7717087","PWH28","Skin","Fibroblast",-3.284548,1.2334272
"GSM7717085","PWH27","Wound7","Fibroblast",-3.2112184,3.1552815
"GSM7717083","PWH27","Skin","Fibroblast",-3.905692,1.4320549
"GSM7717082","PWH26","Wound30","Fibroblast",-1.9219129,0.012419216
"GSM7717089","PWH28","Wound7","Fibroblast",-3.7813554,2.1075368
"GSM7717085","PWH27","Wound7","Fibroblast",1.8736899,-0.44635624
"GSM7717085","PWH27","Wound7","Fibroblast",0.81384194,0.49972415
"GSM7717090","PWH28","Wound30","Fibroblast",1.106192,-0.6666969
"GSM7717082","PWH26","Wound30","Fibroblast",-0.4346644,-0.9370561
"GSM7717090","PWH28","Wound30","Fibroblast",-1.2050728,-1.3339669
"GSM7717088","PWH28","Wound1","Fibroblast",-3.113955,3.4115257
"GSM7717085","PWH27","Wound7","Fibroblast",0.4729082,0.6451221
"GSM7717081","PWH26","Wound7","Fibroblast",-3.3285725,-1.0540997
"GSM7717086","PWH27","Wound30","Fibroblast",0.5572693,0.22292688
"GSM7717085","PWH27","Wound7","Fibroblast",0.58186835,1.3021059
"GSM7717085","PWH27","Wound7","Fibroblast",-2.6604486,2.1456099
"GSM7717086","PWH27","Wound30","Fibroblast",1.7798482,0.024111466
"GSM7717082","PWH26","Wound30","Fibroblast",-0.2833737,-0.4864807
"GSM7717086","PWH27","Wound30","Fibroblast",2.7150762,-0.18672006
"GSM7717082","PWH26","Wound30","Fibroblast",2.376262,0.098566405
"GSM7717087","PWH28","Skin","Fibroblast",-2.2422423,0.33198276
"GSM7717079","PWH26","Skin","Fibroblast",-3.3211093,-0.41427183
"GSM7717086","PWH27","Wound30","Fibroblast",2.7295344,0.227849
"GSM7717086","PWH27","Wound30","Fibroblast",0.24591023,-1.8695711
"GSM7717089","PWH28","Wound7","Fibroblast",-1.9336663,1.1718793
"GSM7717086","PWH27","Wound30","Fibroblast",2.7433138,0.030605588
"GSM7717087","PWH28","Skin","Fibroblast",-4.197069,0.42967346
"GSM7717079","PWH26","Skin","Fibroblast",-3.3114572,1.8532405
"GSM7717085","PWH27","Wound7","Fibroblast",-1.0654258,0.3010508
"GSM7717090","PWH28","Wound30","Fibroblast",1.3762366,-0.203863
"GSM7717087","PWH28","Skin","Fibroblast",-2.8605778,2.3018155
"GSM7717090","PWH28","Wound30","Fibroblast",2.6488905,-0.10958357
"GSM7717087","PWH28","Skin","Fibroblast",-2.3904278,-2.808196
"GSM7717081","PWH26","Wound7","Fibroblast",-0.8915812,-1.9475695
"GSM7717082","PWH26","Wound30","Fibroblast",1.2261829,0.77507627
"GSM7717086","PWH27","Wound30","Fibroblast",1.5393848,-1.4013643
"GSM7717085","PWH27","Wound7","Fibroblast",-2.5713263,-0.6844112
"GSM7717083","PWH27","Skin","Fibroblast",-2.9080298,0.23129894
"GSM7717086","PWH27","Wound30","Fibroblast",-3.1948953,1.44361
"GSM7717079","PWH26","Skin","Fibroblast",-1.9718765,-2.909856
"GSM7717079","PWH26","Skin","Fibroblast",-2.5530877,-1.1286887
"GSM7717088","PWH28","Wound1","Fibroblast",-3.5593476,0.72146004
"GSM7717081","PWH26","Wound7","Fibroblast",-3.8689873,1.2646309
"GSM7717086","PWH27","Wound30","Fibroblast",3.3102832,0.18751475
"GSM7717086","PWH27","Wound30","Fibroblast",0.1779806,-1.5384458
"GSM7717085","PWH27","Wound7","Fibroblast",0.35364833,0.8120502
"GSM7717090","PWH28","Wound30","Fibroblast",3.0579093,0.17031395
"GSM7717085","PWH27","Wound7","Fibroblast",-0.115873985,0.3278035
"GSM7717085","PWH27","Wound7","Fibroblast",-0.07989344,1.4778489
"GSM7717082","PWH26","Wound30","Fibroblast",0.059693433,-1.9062694
"GSM7717079","PWH26","Skin","Fibroblast",-2.2113342,-1.8619486
"GSM7717085","PWH27","Wound7","Fibroblast",0.39140332,0.5128455
"GSM7717089","PWH28","Wound7","Fibroblast",-1.60504,0.5552376
"GSM7717086","PWH27","Wound30","Fibroblast",0.75091696,-0.1519971
"GSM7717085","PWH27","Wound7","Fibroblast",-1.033713,-0.37424093
"GSM7717082","PWH26","Wound30","Fibroblast",-2.3917313,-0.23418981
"GSM7717081","PWH26","Wound7","Fibroblast",2.0182276,0.16568586
"GSM7717090","PWH28","Wound30","Fibroblast",3.0549,-0.25286984
"GSM7717089","PWH28","Wound7","Fibroblast",0.18188033,1.0532153
